id	level	topic	flag	answer	note
camau26-l1-p1-01	TH	HS.MM			
camau26-l1-p1-02		HS.TC			
camau26-l1-p1-03	TH	TK.TT			
camau26-l1-p1-04	NB	OX.TD			
camau26-l1-p1-05	NB	LG.PT			
camau26-l1-p1-06	TH	ML.PT			
camau26-l1-p1-07	NB	DS.CSN			
camau26-l1-p1-08	TH	UD.DT			
camau26-l1-p1-09	NB	OX.TD			
camau26-l1-p1-10	TH	UD.TT			
camau26-l1-p1-11	NB	OXY			
camau26-l1-p1-12		HS.DB			
camau26-l1-p2-01		XS.DK	duplicate:camau26-vd-p2-04		cùng bài với file hướng dẫn giải của Cà Mau (giữ bản có lời giải của giáo viên)
camau26-l1-p2-02		OX.TTe	figure_optional,duplicate:camau26-vd-p2-03		cùng bài với file hướng dẫn giải của Cà Mau
camau26-l1-p2-03	VD	UD.TTe			
camau26-l1-p2-04	TH	HS.CT			
camau26-l1-p3-01		XS.CD	duplicate:camau26-vd-p3-06		cùng bài (đổi giáo viên thành học sinh) với file hướng dẫn giải của Cà Mau
camau26-l1-p3-02	VD	HS.TU			
camau26-l1-p3-03	VD	HK.KC			
camau26-l1-p3-04		OX.TTe	duplicate:camau26-vd-p3-04		cùng bài với file hướng dẫn giải của Cà Mau
camau26-l1-p3-05	VD	UD.TT			
camau26-l1-p3-06		BPT	duplicate:camau26-vd-p3-02		cùng bài với file hướng dẫn giải của Cà Mau
camau26-vd-p2-03	VD	OX.TTe	figure_optional		
camau26-vd-p2-04	TH	XS.DK			
camau26-vd-p3-01	VD	HK.KC			
camau26-vd-p3-02	VD	BPT			
camau26-vd-p3-03		UD.TT	source_corrupted		đề hỏi thời gian theo giây nhưng lời giải tính ra 29,3 phút
camau26-vd-p3-04		OX.TTe			
camau26-vd-p3-05	VD	HS.TU			
camau26-vd-p3-06	VD	XS.CD			
danang26-l1-p1-01	NB	OX.DT			
danang26-l1-p1-02	NB	TK.TT			
danang26-l1-p1-03	NB	DS.CSN			
danang26-l1-p1-04		LG.PT			phương án B và D in giống nhau (đáp án C vẫn đúng)
danang26-l1-p1-05	NB	HK.QH	figure_optional		
danang26-l1-p1-06	NB	ML.PT			
danang26-l1-p1-07	TH	VT	figure_optional		
danang26-l1-p1-08	NB	HS.TC			
danang26-l1-p1-09	NB	NH			
danang26-l1-p1-10	TH	OX.MP			
danang26-l1-p1-11	TH	KD.TT			
danang26-l1-p1-12	TH	ML.BPT			
danang26-l1-p2-01	TH	HS.CT			
danang26-l1-p2-02	VD	ML.TT			
danang26-l1-p2-03	TH	XS.DK			
danang26-l1-p2-04	VD	OX.TTe			
danang26-l1-p3-01		UD.DT			
danang26-l1-p3-02	VD	XS.CD			
danang26-l1-p3-03	VD	BPT			
danang26-l1-p3-04	VD	HK.KC			
danang26-l1-p3-05	VD	HS.TU			
danang26-l1-p3-06	VDC	TP			
dqham26-p1-01	NB	HS.TC			
dqham26-p1-02	TH	VT			
dqham26-p1-03	TH	ML.BPT			
dqham26-p1-04	TH	OX.MC			
dqham26-p1-05	NB	LG.PT			
dqham26-p1-06	NB	DS.CSC			
dqham26-p1-07	TH	KD.TT	figure_optional		
dqham26-p1-08	NB	OX.TD			
dqham26-p1-09		TK.PT			
dqham26-p1-10	VD	UD.DT	figure_optional		
dqham26-p1-11	NB	OX.DT			
dqham26-p1-12		HS.DB			
dqham26-p2-01	TH	XS.DK			
dqham26-p2-02	VD	HS.TC			
dqham26-p2-03	VD	OX.GK			
dqham26-p2-04		OXY			
dqham26-p3-01		XS.TH			
dqham26-p3-02		HK.KC			
dqham26-p3-03	VD	HS.TU			
dqham26-p3-04	TH	HK.GOC			
dqham26-p3-05		TK.TT			
dqham26-p3-06	VDC	UD.TTe	figure_optional		
mh24-01-01		HS.DB	duplicate:mh24-13-01		cùng đề với mh24-13-01 (đề 13 xáo phương án, lời giải đầy đủ hơn); đề 1 luôn đặt đáp án ở A
mh24-01-02		HS.DB	duplicate:mh24-13-02		cùng đề với mh24-13-02 (đề 13 xáo phương án, lời giải đầy đủ hơn); đề 1 luôn đặt đáp án ở A
mh24-01-03		HS.DB	duplicate:mh24-13-03		cùng đề với mh24-13-03 (đề 13 xáo phương án, lời giải đầy đủ hơn); đề 1 luôn đặt đáp án ở A
mh24-01-04		HS.CT	duplicate:mh24-13-04		cùng đề với mh24-13-04 (đề 13 xáo phương án, lời giải đầy đủ hơn); đề 1 luôn đặt đáp án ở A
mh24-01-05		HS.CT	duplicate:mh24-13-05		cùng đề với mh24-13-05 (đề 13 xáo phương án, lời giải đầy đủ hơn); đề 1 luôn đặt đáp án ở A
mh24-01-06		HS.CT	duplicate:mh24-13-06		cùng đề với mh24-13-06 (đề 13 xáo phương án, lời giải đầy đủ hơn); đề 1 luôn đặt đáp án ở A
mh24-01-07		HS.CT	duplicate:mh24-13-07		cùng đề với mh24-13-07 (đề 13 xáo phương án, lời giải đầy đủ hơn); đề 1 luôn đặt đáp án ở A
mh24-01-08		HS.MM	duplicate:mh24-13-08		cùng đề với mh24-13-08 (đề 13 xáo phương án, lời giải đầy đủ hơn); đề 1 luôn đặt đáp án ở A
mh24-01-09		HS.MM	duplicate:mh24-13-09		cùng đề với mh24-13-09 (đề 13 xáo phương án, lời giải đầy đủ hơn); đề 1 luôn đặt đáp án ở A
mh24-01-10		HS.TC	duplicate:mh24-13-10		cùng đề với mh24-13-10 (đề 13 xáo phương án, lời giải đầy đủ hơn); đề 1 luôn đặt đáp án ở A
mh24-01-11		HS.TC	duplicate:mh24-13-11		cùng đề với mh24-13-11 (đề 13 xáo phương án, lời giải đầy đủ hơn); đề 1 luôn đặt đáp án ở A
mh24-01-12		HS.TC	duplicate:mh24-13-12		cùng đề với mh24-13-12 (đề 13 xáo phương án, lời giải đầy đủ hơn); đề 1 luôn đặt đáp án ở A
mh24-01-13		HS.DT	duplicate:mh24-13-13		cùng đề với mh24-13-13 (đề 13 xáo phương án, lời giải đầy đủ hơn); đề 1 luôn đặt đáp án ở A
mh24-01-14		HS.DT	duplicate:mh24-13-14		cùng đề với mh24-13-14 (đề 13 xáo phương án, lời giải đầy đủ hơn); đề 1 luôn đặt đáp án ở A
mh24-01-16		ML.LT	duplicate:mh24-13-16		cùng đề với mh24-13-16 (đề 13 xáo phương án, lời giải đầy đủ hơn); đề 1 luôn đặt đáp án ở A
mh24-01-17		ML.LT	duplicate:mh24-13-17		cùng đề với mh24-13-17 (đề 13 xáo phương án, lời giải đầy đủ hơn); đề 1 luôn đặt đáp án ở A
mh24-01-18		ML.LT	duplicate:mh24-13-18		cùng đề với mh24-13-18 (đề 13 xáo phương án, lời giải đầy đủ hơn); đề 1 luôn đặt đáp án ở A
mh24-01-19		ML.HS	duplicate:mh24-13-19		cùng đề với mh24-13-19 (đề 13 xáo phương án, lời giải đầy đủ hơn); đề 1 luôn đặt đáp án ở A
mh24-01-20		ML.HS	duplicate:mh24-13-20		cùng đề với mh24-13-20 (đề 13 xáo phương án, lời giải đầy đủ hơn); đề 1 luôn đặt đáp án ở A
mh24-01-21		ML.HS	duplicate:mh24-13-21		cùng đề với mh24-13-21 (đề 13 xáo phương án, lời giải đầy đủ hơn); đề 1 luôn đặt đáp án ở A
mh24-01-22		ML.PT	duplicate:mh24-13-22		cùng đề với mh24-13-22 (đề 13 xáo phương án, lời giải đầy đủ hơn); đề 1 luôn đặt đáp án ở A
mh24-01-23		ML.PT	duplicate:mh24-13-23		cùng đề với mh24-13-23 (đề 13 xáo phương án, lời giải đầy đủ hơn); đề 1 luôn đặt đáp án ở A
mh24-01-24		ML.PT	duplicate:mh24-13-24		cùng đề với mh24-13-24 (đề 13 xáo phương án, lời giải đầy đủ hơn); đề 1 luôn đặt đáp án ở A
mh24-01-25		ML.PT	duplicate:mh24-13-25		cùng đề với mh24-13-25 (đề 13 xáo phương án, lời giải đầy đủ hơn); đề 1 luôn đặt đáp án ở A
mh24-01-26		ML.BPT	duplicate:mh24-13-26		cùng đề với mh24-13-26 (đề 13 xáo phương án, lời giải đầy đủ hơn); đề 1 luôn đặt đáp án ở A
mh24-01-27		ML.BPT	duplicate:mh24-13-27		cùng đề với mh24-13-27 (đề 13 xáo phương án, lời giải đầy đủ hơn); đề 1 luôn đặt đáp án ở A
mh24-01-28		KD.KN	duplicate:mh24-13-28		cùng đề với mh24-13-28 (đề 13 xáo phương án, lời giải đầy đủ hơn); đề 1 luôn đặt đáp án ở A
mh24-01-29		KD.KN	duplicate:mh24-13-29		cùng đề với mh24-13-29 (đề 13 xáo phương án, lời giải đầy đủ hơn); đề 1 luôn đặt đáp án ở A
mh24-01-30		KD.TT	duplicate:mh24-13-30		cùng đề với mh24-13-30 (đề 13 xáo phương án, lời giải đầy đủ hơn); đề 1 luôn đặt đáp án ở A
mh24-01-31		KD.TT	duplicate:mh24-13-31		cùng đề với mh24-13-31 (đề 13 xáo phương án, lời giải đầy đủ hơn); đề 1 luôn đặt đáp án ở A
mh24-01-32		KD.TT	duplicate:mh24-13-32		cùng đề với mh24-13-32 (đề 13 xáo phương án, lời giải đầy đủ hơn); đề 1 luôn đặt đáp án ở A
mh24-01-33		KD.TT	duplicate:mh24-13-33		cùng đề với mh24-13-33 (đề 13 xáo phương án, lời giải đầy đủ hơn); đề 1 luôn đặt đáp án ở A
mh24-01-35		TX.NON	duplicate:mh24-13-35		cùng đề với mh24-13-35 (đề 13 xáo phương án, lời giải đầy đủ hơn); đề 1 luôn đặt đáp án ở A
mh24-01-37		TX.TRU	duplicate:mh24-13-37		cùng đề với mh24-13-37 (đề 13 xáo phương án, lời giải đầy đủ hơn); đề 1 luôn đặt đáp án ở A
mh24-01-38		TX.TRU	duplicate:mh24-13-38		cùng đề với mh24-13-38 (đề 13 xáo phương án, lời giải đầy đủ hơn); đề 1 luôn đặt đáp án ở A
mh24-01-39		HS.DB	duplicate:mh24-13-39		cùng đề với mh24-13-39 (đề 13 xáo phương án, lời giải đầy đủ hơn); đề 1 luôn đặt đáp án ở A
mh24-01-40		HS.CT	duplicate:mh24-13-40		cùng đề với mh24-13-40 (đề 13 xáo phương án, lời giải đầy đủ hơn); đề 1 luôn đặt đáp án ở A
mh24-01-41		HS.MM	duplicate:mh24-13-41		cùng đề với mh24-13-41 (đề 13 xáo phương án, lời giải đầy đủ hơn); đề 1 luôn đặt đáp án ở A
mh24-01-42		HS.DT	duplicate:mh24-13-42		cùng đề với mh24-13-42 (đề 13 xáo phương án, lời giải đầy đủ hơn); đề 1 luôn đặt đáp án ở A
mh24-01-43		HS.TG	duplicate:mh24-13-43		cùng đề với mh24-13-43 (đề 13 xáo phương án, lời giải đầy đủ hơn); đề 1 luôn đặt đáp án ở A
mh24-01-44		ML.PT	duplicate:mh24-13-44		cùng đề với mh24-13-44 (đề 13 xáo phương án, lời giải đầy đủ hơn); đề 1 luôn đặt đáp án ở A
mh24-01-45		TX.NON	duplicate:mh24-13-45		cùng đề với mh24-13-45 (đề 13 xáo phương án, lời giải đầy đủ hơn); đề 1 luôn đặt đáp án ở A
mh24-01-46		ML.PT	duplicate:mh24-13-46		cùng đề với mh24-13-46 (đề 13 xáo phương án, lời giải đầy đủ hơn); đề 1 luôn đặt đáp án ở A
mh24-01-47		ML.PT	duplicate:mh24-13-47		cùng đề với mh24-13-47 (đề 13 xáo phương án, lời giải đầy đủ hơn); đề 1 luôn đặt đáp án ở A
mh24-01-48		ML.BPT	duplicate:mh24-13-48		cùng đề với mh24-13-48 (đề 13 xáo phương án, lời giải đầy đủ hơn); đề 1 luôn đặt đáp án ở A
mh24-01-49		KD.TT	duplicate:mh24-13-49		cùng đề với mh24-13-49 (đề 13 xáo phương án, lời giải đầy đủ hơn); đề 1 luôn đặt đáp án ở A
mh24-01-50		KD.TT	duplicate:mh24-13-50		cùng đề với mh24-13-50 (đề 13 xáo phương án, lời giải đầy đủ hơn); đề 1 luôn đặt đáp án ở A
mh24-02-01	TH	ML.LT			
mh24-02-02	VD	HS.DB			
mh24-02-03	TH	HS.MM			
mh24-02-04		HS.TG			
mh24-02-05	TH	HK.KC			
mh24-02-06	NB	ML.PT			
mh24-02-07	NB	ML.HS			
mh24-02-08	TH	ML.PT			
mh24-02-09		HK.KC	source_corrupted		các phương án (S=43/6, S=7...) thuộc câu khác, không khớp đề hỏi khoảng cách
mh24-02-10	TH	HK.GOC	figure_optional,duplicate:mh24-17-36		cùng bài với mh24-17-36 (bản đề 02 còn chữ "tham khảo hình vẽ" dù hình đã bỏ)
mh24-02-11		HS.CT			
mh24-02-12	VD	HK.KC			
mh24-02-13	VDC	KD.TT			
mh24-02-14	NB	DS.CSN			
mh24-02-15	NB	KD.TT			
mh24-02-16	TH	KD.TT			
mh24-02-17	TH	HK.GOC			
mh24-02-18	TH	ML.HS			
mh24-02-19	VD	KD.TT			
mh24-02-20	TH	ML.HS			
mh24-02-21	TH	HS.CT			
mh24-02-22	NB	XS.TH			
mh24-02-23	NB	HS.TC			
mh24-02-24	NB	XS.TH			
mh24-02-25	NB	ML.PT			
mh24-02-26		HS.CT			
mh24-02-27	NB	KD.TT			
mh24-02-28		HS.CT			
mh24-02-29		ML.BPT	source_corrupted		lời giải ra 12 cặp, không có trong các phương án
mh24-02-30	NB	KD.TT			
mh24-02-31	NB	KD.TT			
mh24-02-32	TH	XS.CD			
mh24-02-33	NB	ML.LT		C	bản gốc: dấu * đặt ở A nhưng A sai; đáp án đúng là C (lời giải cũng ra C)
mh24-02-34	TH	HS.CT			
mh24-02-35	NB	KD.TT			
mh24-02-36	NB	KD.TT			
mh24-02-37		HS.TG			
mh24-02-38	TH	HS.TC			
mh24-02-39	TH	ML.HS			
mh24-02-40		DS.CSC			phương án B và C in giống nhau
mh24-02-41	VD	HS.MM			
mh24-02-42	VD	KD.TT			
mh24-02-43		HS.TG			
mh24-02-44		HS.TG			
mh24-02-45	TH	ML.HS			
mh24-02-46		HS.DB			
mh24-02-47	TH	ML.PT			
mh24-02-48		HS.DB			
mh24-02-49		HS.DB			
mh24-02-50	VDC	HS.DB			
mh24-03-01		HS.TG			
mh24-03-02	NB	KD.TT			
mh24-03-03	TH	HS.DB			
mh24-03-04		HS.CT			
mh24-03-05		HS.DB			
mh24-03-06	NB	KD.TT			
mh24-03-07	TH	ML.HS			
mh24-03-08	TH	KD.TT			
mh24-03-09		HS.MM			
mh24-03-10	TH	ML.LT			
mh24-03-11		HS.DT			
mh24-03-12	NB	KD.TT			
mh24-03-13		HS.MM			
mh24-03-14		HS.CT			
mh24-03-15		HS.TG			
mh24-03-16		HS.DT			
mh24-03-17	NB	HS.TC			
mh24-03-18	TH	KD.TT			
mh24-03-19	NB	KD.TT			
mh24-03-20	TH	KD.TT			
mh24-03-21	TH	HS.MM			
mh24-03-22		HS.TG			
mh24-03-23	TH	KD.TT			
mh24-03-24		HS.DT			
mh24-03-25	TH	KD.TT			
mh24-03-26		HS.TC			
mh24-03-27	NB	KD.TT			
mh24-03-28		KD.TT	source_corrupted		đề in thiếu chữ: "góc giữa đường thẳng A'" (lời giải dùng AC')
mh24-03-29	TH	ML.HS			
mh24-03-30	TH	KD.TT			
mh24-03-31	NB	KD.KN			
mh24-03-32		HS.CT			
mh24-03-33	TH	HS.DB			
mh24-03-34	TH	HS.DB			
mh24-03-35	TH	KD.TT			
mh24-03-36	TH	ML.LT			
mh24-03-37		HS.TC			
mh24-03-38	TH	KD.TT			
mh24-03-39	VD	KD.TT			
mh24-03-40		KD.TT			
mh24-03-41		ML.TT	solution_wrong		phương trình trong lời giải cho 883,2 USD, không khớp đáp án B (885,4 USD là kết quả đúng của bài trả góp)
mh24-03-42	VDC	HS.DB			
mh24-03-43		HS.MM	source_corrupted		đề mất điều kiện (công thức sau chữ "để" bị mất)
mh24-03-44		HS.CT			
mh24-03-45		HS.DB			
mh24-03-46		KD.TT			
mh24-03-47		HS.TG			
mh24-03-48		HS.TG			
mh24-03-49		HS.CT			
mh24-03-50		HS.MM			
mh24-04-01		HS.DB			
mh24-04-02	NB	ML.BPT			
mh24-04-03	TH	TX.CAU			
mh24-04-04	NB	ML.HS			
mh24-04-05	TH	HS.MM			
mh24-04-06	TH	HK.KC	figure_optional		
mh24-04-07	NB	ML.LT			
mh24-04-08	TH	ML.PT			
mh24-04-09	NB	DS.CSC			
mh24-04-10	NB	KD.KN			
mh24-04-11	TH	KD.TT			
mh24-04-12	NB	ML.HS			
mh24-04-13	TH	ML.HS			
mh24-04-14	TH	ML.LT			
mh24-04-15	TH	HK.GOC	figure_optional		
mh24-04-16		HS.DT			
mh24-04-17		ML.HS			
mh24-04-18	VD	TX.TRU	figure_optional	C	bản gốc: đáp án đúng là C (20π/3 = khối trụ 4π + khối nón 8π/3); lời giải quên bình phương bán kính khối nón
mh24-04-19		HS.CT			
mh24-04-20	TH	XS.TH		C	bản gốc: đề hỏi số hạng chứa x^12 nên đáp án là 45x^12 (C); dấu * đặt ở A là hệ số
mh24-04-21		HS.MM			
mh24-04-22	TH	KD.TT		A	bản gốc: tứ diện SABC có thể tích bằng nửa khối chóp S.ABCD: a^3√14/12 (A); dấu * ở C là thể tích S.ABCD
mh24-04-23	VD	HS.CT			
mh24-04-24	TH	HS.CT			
mh24-04-25	NB	HS.TC			
mh24-04-26	TH	ML.LT			
mh24-04-27	NB	DS.CSN			
mh24-04-28	NB	TX.TRU			
mh24-04-29		HS.TG			
mh24-04-30		HS.CT			
mh24-04-31	TH	HK.GOC			
mh24-04-32	TH	HS.CT			
mh24-04-33	NB	TX.NON			
mh24-04-34	TH	HK.KC	figure_optional		
mh24-04-35	NB	XS.TH			
mh24-04-36	TH	KD.TT			
mh24-04-37	NB	HS.DB			
mh24-04-38	VD	HS.DB			
mh24-04-39	VD	TX.TRU	figure_optional		
mh24-04-40		HS.TG			
mh24-04-41		HS.CT			
mh24-04-42	VD	KD.TT			
mh24-04-43	VD	ML.BPT			
mh24-04-44		HS.DT			
mh24-04-45	VD	ML.BPT			
mh24-04-46	VD	HS.DB			
mh24-04-47	VDC	ML.BPT			
mh24-04-48	VD	HK.KC	figure_optional		
mh24-04-49	VDC	KD.TT			
mh24-04-50	VDC	ML.PT			
mh24-05-01		HS.DB			
mh24-05-02	TH	HS.DB			
mh24-05-03	VD	HS.TC			
mh24-05-04		HS.TC			
mh24-05-05	TH	KD.TT			
mh24-05-06	VD	HK.GOC	figure_optional		
mh24-05-07	TH	HS.DB			
mh24-05-08		HS.DB			
mh24-05-09	VD	HS.TC			
mh24-05-10		HS.DT			
mh24-05-11	NB	KD.TT			
mh24-05-12	TH	KD.TT			
mh24-05-13	TH	HS.DB			
mh24-05-14	TH	HS.DB			
mh24-05-15		HS.DT			
mh24-05-16	NB	HS.DT			
mh24-05-17	VD	HK.KC			
mh24-05-18	NB	KD.TT			
mh24-05-19		HS.DB			
mh24-05-20	VD	HS.DB			
mh24-05-21		HS.DT			
mh24-05-22		HS.TG			
mh24-05-23	NB	KD.TT			
mh24-05-24	TH	KD.TT			
mh24-05-25		HS.CT			
mh24-05-26		HS.CT			
mh24-05-27	TH	HS.TG			
mh24-05-28	TH	HS.TG			
mh24-05-29	NB	KD.KN			
mh24-05-30	NB	KD.TT			
mh24-05-31		HS.CT			
mh24-05-32	TH	HS.CT			
mh24-05-33		KD.KN			
mh24-05-34	TH	KD.KN			
mh24-05-35		HS.MM			
mh24-05-36	NB	HS.TC			
mh24-05-37		HS.CT			
mh24-05-38	TH	HS.CT			
mh24-05-39	VD	HS.TT			
mh24-05-40	VD	HS.TT			
mh24-05-41	TH	HS.MM			
mh24-05-42		HS.MM			
mh24-05-43		HS.CT			
mh24-05-44		HS.CT			
mh24-05-45	TH	HS.MM			
mh24-05-46	VD	HS.MM			
mh24-05-47		HS.CT			
mh24-05-48	TH	HS.MM			
mh24-05-49	VD	HS.TG	figure_optional		
mh24-05-50	TH	HS.TT			
mh24-06-01	NB	HS.TC			
mh24-06-02	NB	ML.BPT			
mh24-06-03	NB	TX.TRU			
mh24-06-04	NB	ML.PT			
mh24-06-05	NB	TX.CAU			
mh24-06-06		HS.DB			
mh24-06-07	NB	ML.LT			
mh24-06-08		HS.DT	source_corrupted		lời giải là của câu khác (bất phương trình mũ – logarit)
mh24-06-09	TH	TX.NON			
mh24-06-10		HS.DT			
mh24-06-11	NB	XS.TH			
mh24-06-12	NB	DS.CSN			
mh24-06-13	NB	NH			
mh24-06-14	NB	TP			
mh24-06-15	NB	KD.TT			
mh24-06-16		HS.CT			
mh24-06-17	NB	ML.LT			
mh24-06-19	NB	ML.BPT			
mh24-06-20	TH	HS.CT			
mh24-06-21		HS.DB			
mh24-06-22		TP	source_corrupted		đề mất công thức tích phân cần tính ("Giá trị của bằng")
mh24-06-23	NB	ML.LT			
mh24-06-24	VD	TX.NON			
mh24-06-25	TH	TX.TRU			
mh24-06-26	VD	HK.KC	figure_optional		
mh24-06-27	NB	ML.HS			
mh24-06-28		HS.CT			
mh24-06-29	VD	KD.TT			
mh24-06-30	TH	HS.CT			
mh24-06-31	TH	HS.TG			
mh24-06-32	VD	HK.GOC	figure_optional		
mh24-06-33		KD.TT	duplicate:mh24-05-18		cùng đề với mh24-05-18, chỉ đổi thứ tự phương án
mh24-06-34	TH	ML.PT			
mh24-06-35	NB	TP			
mh24-06-36	NB	KD.TT	duplicate:mh24-02-35		cùng bài với mh24-02-35 (cùng hỏi công thức thể tích khối lăng trụ)
mh24-06-37		HS.TG			
mh24-06-38	VD	XS.CD			
mh24-06-39	TH	TP			
mh24-06-40	VD	ML.TT			
mh24-06-41	VD	TP			
mh24-06-42	VD	HS.CT			
mh24-06-43	NB	NH			
mh24-06-44	VD	HS.MM			
mh24-06-45	TH	TP			
mh24-06-46	VDC	ML.PT			
mh24-06-47	VDC	TP.HA			
mh24-06-48	VDC	ML.PT			
mh24-06-49	VD	HS.DB			
mh24-06-50	TH	TP			
mh24-07-02	TH	DS.CSN			
mh24-07-03	TH	HS.DB			
mh24-07-04	TH	HS.MM			
mh24-07-05		TX.NON	source_corrupted		cuối lời giải dính chữ rác từ khung chữ của một hình khác ("x(cm)1t(10-2 s)x1x2O3...")
mh24-07-06	TH	TX.TRU			
mh24-07-07	NB	DS.CSC			
mh24-07-08	VD	HS.CT			
mh24-07-10		HS.TG			
mh24-07-11	TH	HS.MM			
mh24-07-12	TH	OX.TD			
mh24-07-13	NB	HS.TC			
mh24-07-14	NB	TX.CAU			
mh24-07-15	NB	ML.PT			
mh24-07-16	TH	ML.LT			
mh24-07-17	TH	ML.HS			
mh24-07-19		HS.DT			
mh24-07-20	TH	ML.LT			
mh24-07-21	TH	KD.TT			
mh24-07-22	TH	HS.CT			
mh24-07-23	TH	ML.TT			
mh24-07-26	NB	TX.TRU			
mh24-07-27		HS.DT			
mh24-07-28		HS.CT			
mh24-07-29	TH	HS.TC			
mh24-07-30	NB	TX.NON			
mh24-07-32	NB	ML.HS			
mh24-07-33	TH	ML.TT			
mh24-07-35	TH	ML.PT			
mh24-07-36	VD	ML.PT			
mh24-07-37		ML.HS			
mh24-07-38	VD	TX.CAU			
mh24-07-39	VD	ML.BPT			
mh24-07-40	VD	OX.MC			
mh24-07-43	VD	XS.CD			
mh24-07-44	VD	TX.NON			
mh24-07-45		HS.TC			
mh24-07-46	VD	HS.DB			
mh24-07-47	VD	HS.MM			
mh24-07-48		KD.TT	solution_wrong		lời giải ra 4√3/3 (không có trong phương án); trường hợp góc AO'C bằng 60° mới cho 4√3 (C)
mh24-07-49	VDC	ML.PT			
mh24-07-50		HS.DB			
mh24-08-01	NB	DS.CSC			
mh24-08-02	NB	XS.TH			
mh24-08-03	TH	HS.DB			
mh24-08-04		HS.TC			
mh24-08-05	TH	XS.CD			
mh24-08-06	NB	KD.TT			
mh24-08-07		HS.TC			
mh24-08-08	TH	HK.KC			
mh24-08-09	TH	HK.GOC			
mh24-08-10		HS.DT			
mh24-08-11	TH	HS.CT			
mh24-08-12		HS.TG			
mh24-08-13	TH	KD.TT			
mh24-08-14	TH	KD.TT			
mh24-08-15		HS.DT			
mh24-08-16		HS.TG			
mh24-08-17	TH	HS.CT			
mh24-08-18	TH	KD.TT			
mh24-08-19	TH	HS.DB			
mh24-08-20	NB	KD.KN			
mh24-08-21	TH	HS.MM			
mh24-08-22		HS.CT			
mh24-08-23	VD	HK.KC			
mh24-08-24	TH	KD.KN			
mh24-08-25	NB	HS.TC			
mh24-08-28	TH	HS.TT			
mh24-08-29	TH	HK.KC			
mh24-08-30		HS.DT			
mh24-08-31	NB	HS.DT			
mh24-08-32		HS.MM			
mh24-08-33	TH	HK.GOC			
mh24-08-34	NB	KD.TT			
mh24-08-35	TH	DS.CSN			
mh24-08-36		HS.DT			
mh24-08-37	TH	KD.TT			
mh24-08-38	TH	HS.DB			
mh24-08-39	TH	HS.MM			
mh24-08-41	VD	KD.TT			
mh24-08-44	VD	HS.MM			
mh24-08-45	VD	HS.DB			
mh24-08-46	VD	KD.TT	figure_optional		
mh24-08-48	VD	HS.TG			
mh24-08-49		HS.MM			
mh24-08-50	VD	HS.CT			
mh24-09-03		HS.DT			
mh24-09-06	NB	ML.LT			
mh24-09-07	TH	ML.HS			
mh24-09-09		HS.DT			
mh24-09-10		HS.DB			
mh24-09-11	NB	ML.LT			
mh24-09-12		HS.TG			
mh24-09-13		HS.DT			
mh24-09-14		HS.TG			
mh24-09-15	NB	KD.TT			
mh24-09-16	NB	DS.CSC			
mh24-09-17		HS.DB	solution_trivial		lời giải chỉ nhắc lại đáp án, không có lập luận
mh24-09-18	NB	HS.TC			
mh24-09-19	TH	HS.MM			
mh24-09-20		HS.DT			
mh24-09-22	TH	KD.TT			
mh24-09-23	NB	ML.HS			
mh24-09-24	NB	KD.TT			
mh24-09-25	NB	KD.TT			
mh24-09-26	TH	HK.GOC			
mh24-09-27	TH	XS.CD			
mh24-09-28	VD	HK.KC			
mh24-09-29	TH	HS.CT			
mh24-09-30		HS.DT			
mh24-09-31	TH	ML.HS			
mh24-09-32	TH	KD.TT			
mh24-09-33	NB	ML.LT			
mh24-09-34	TH	HS.MM			
mh24-09-35	NB	KD.TT			
mh24-09-38	VD	KD.TT			
mh24-09-39	VD	HS.TC			
mh24-09-40	VD	HK.KC			
mh24-09-41	VDC	HS.TG			
mh24-09-42	VD	ML.LT			
mh24-09-43	VD	KD.TT			
mh24-09-49	VD	ML.HS			
mh24-09-50	VDC	ML.HS			
mh24-10-01	TH	ML.LT			
mh24-10-02	NB	TX.CAU			
mh24-10-03	TH	ML.LT			
mh24-10-05	TH	HK.KC			
mh24-10-07	TH	HS.CT			
mh24-10-08	TH	TX.TRU			
mh24-10-09	VD	ML.PT			
mh24-10-10	VD	KD.TT			
mh24-10-14	VDC	HK.KC			
mh24-10-15	VD	HS.DB			
mh24-10-16	NB	HS.TC			
mh24-10-17	TH	ML.LT			
mh24-10-18	TH	ML.PT			
mh24-10-19	TH	KD.TT	duplicate:mh24-08-14		cùng bài với mh24-08-14 (khác cách viết)
mh24-10-20	TH	HS.CT			
mh24-10-21	VD	TX.NON			
mh24-10-22	TH	KD.TT			
mh24-10-23	TH	ML.HS			
mh24-10-24	VD	HS.MM			
mh24-10-25	VD	TX.TRU			
mh24-10-26	TH	ML.LT			
mh24-10-27		ML.HS			
mh24-10-28	TH	ML.PT			
mh24-10-29	TH	KD.TT			
mh24-10-30		HS.DT			
mh24-10-31	VD	HS.CT			
mh24-10-32	NB	KD.KN			
mh24-10-33	TH	TX.CAU			
mh24-10-36	TH	HS.DB			
mh24-10-38	VDC	ML.PT			
mh24-10-39		HS.CT	solution_trivial		lời giải chỉ ghi "Casio ta có" rồi nêu kết quả, không có lập luận
mh24-10-40		HS.DB			
mh24-10-41	TH	HS.DB			
mh24-10-42	NB	TX.NON			
mh24-10-43	TH	ML.LT			
mh24-10-44	TH	HK.GOC			
mh24-10-45	VDC	ML.LT			
mh24-10-46	NB	TX.NON			
mh24-10-47		HS.TC			
mh24-10-48	VDC	HS.TG			
mh24-10-49		HS.DT			
mh24-10-50	NB	KD.TT			
mh24-12-01	NB	TX.CAU			
mh24-12-02		HS.DT			
mh24-12-03	NB	HS.DT			
mh24-12-04	TH	TX.TRU			
mh24-12-05	NB	ML.PT			
mh24-12-06	TH	ML.PT			
mh24-12-07		HS.CT			
mh24-12-08		HS.TG			
mh24-12-09	NB	HS.DT			
mh24-12-10	NB	ML.BPT			
mh24-12-11		HS.MM			
mh24-12-12	NB	ML.HS			
mh24-12-13	NB	TX.NON			
mh24-12-14	TH	HK.GOC	figure_optional		
mh24-12-15	NB	XS.TH			
mh24-12-16	NB	DS.CSC			
mh24-12-17		HS.CT			
mh24-12-18	TH	KD.TT			
mh24-12-19	TH	ML.LT			
mh24-12-20		ML.HS			
mh24-12-21		HS.DB			
mh24-12-22	TH	HS.CT			
mh24-12-23	TH	XS.CD			
mh24-12-24	NB	HS.TC			
mh24-12-25	TH	HK.GOC			
mh24-12-26	TH	TX.TRU			
mh24-12-27	NB	ML.LT			
mh24-12-28	TH	ML.BPT			
mh24-12-29	VD	TX.TRU			
mh24-12-30	NB	KD.TT			
mh24-12-31	TH	HS.TG			
mh24-12-32	NB	KD.TT	duplicate:mh24-10-50		cùng bài với mh24-10-50 (khác cách viết)
mh24-12-33		KD.TT			
mh24-12-34	TH	ML.HS			
mh24-12-35	NB	KD.TT	duplicate:mh24-06-15		cùng bài với mh24-06-15 (khác cách viết)
mh24-12-36		HS.TG			
mh24-12-37	TH	ML.HS			
mh24-12-38		ML.LT	duplicate:mh24-06-23		cùng đề với mh24-06-23, chỉ đổi thứ tự phương án
mh24-12-39		HS.TG			
mh24-12-40	VDC	KD.TT			
mh24-12-41	TH	ML.TT			
mh24-12-42	VD	TX.TRU			
mh24-12-43	VD	KD.TT			
mh24-12-44		TX.NON	source_corrupted		các phương án mất công thức (chỉ còn 0; 3; 1; 2) trong khi lời giải ra 3a²√2
mh24-12-45	VDC	ML.PT			
mh24-12-46		ML.BPT	source_corrupted		các phương án mất nội dung (chỉ còn 0; 3; 2; 1) trong khi lời giải ra S = 60
mh24-12-47		TX.TRU			
mh24-12-48		HS.DT			
mh24-12-49	VDC	ML.PT			
mh24-12-50	VD	HS.CT			
mh24-13-01		HS.DB	keep		
mh24-13-02	TH	HS.DB	keep		
mh24-13-03	TH	HS.DB	keep		
mh24-13-04		HS.CT	keep		
mh24-13-05		HS.CT	keep		
mh24-13-06	TH	HS.CT	keep		
mh24-13-07	TH	HS.CT	keep		
mh24-13-08	TH	HS.MM	keep		
mh24-13-09		HS.MM	keep		
mh24-13-10	NB	HS.TC	keep		
mh24-13-11		HS.TC	keep		
mh24-13-12	VD	HS.TC	keep		
mh24-13-13		HS.DT	keep		
mh24-13-14		HS.DT	keep		
mh24-13-15	TH	HS.TG			
mh24-13-16	TH	ML.LT	keep		
mh24-13-17	NB	ML.LT	keep		
mh24-13-18	TH	ML.LT	keep		
mh24-13-19	TH	ML.HS	keep		
mh24-13-20	TH	ML.HS	keep		
mh24-13-21	TH	ML.HS	keep		
mh24-13-22	NB	ML.PT	keep		
mh24-13-23	NB	ML.PT	keep		
mh24-13-24	TH	ML.PT	keep		
mh24-13-25	VD	ML.PT	keep		
mh24-13-26	NB	ML.BPT	keep		
mh24-13-27	TH	ML.BPT	keep		
mh24-13-28	NB	KD.KN	duplicate:mh24-10-32		cùng bài với mh24-10-32 (khác cách viết)
mh24-13-29	NB	KD.KN	keep		
mh24-13-30	NB	KD.TT	duplicate:mh24-02-31		cùng bài với mh24-02-31 (cùng hỏi công thức thể tích khối chóp (khối tứ diện))
mh24-13-31	NB	KD.TT	duplicate:mh24-10-50		cùng bài với mh24-10-50 (khác cách viết)
mh24-13-32	NB	KD.TT	keep		
mh24-13-33	TH	KD.TT	keep		
mh24-13-34	NB	TX.NON			
mh24-13-35	TH	TX.NON	keep		
mh24-13-36	NB	TX.TRU			
mh24-13-37	TH	TX.TRU	keep		
mh24-13-38	VD	TX.TRU			
mh24-13-39		HS.DB	keep		
mh24-13-40		HS.CT	keep		
mh24-13-41	VD	HS.MM	keep		
mh24-13-42		HS.DT			
mh24-13-43		HS.TG	keep		
mh24-13-44	VDC	ML.PT	keep		
mh24-13-45	VD	TX.NON			
mh24-13-46	VDC	ML.PT	keep		
mh24-13-47	VDC	ML.PT	keep		
mh24-13-48	VD	ML.BPT			
mh24-13-49	VDC	KD.TT	keep		
mh24-13-50		KD.TT			
mh24-14-01		HS.MM			
mh24-14-02		HS.DT			
mh24-14-03	TH	HS.MM			
mh24-14-04	NB	KD.TT	duplicate:mh24-06-15		cùng bài với mh24-06-15 (khác phương án nhiễu)
mh24-14-05	TH	ML.HS			
mh24-14-06	TH	HS.CT			
mh24-14-07	TH	ML.HS			
mh24-14-08		HS.DB			
mh24-14-09		HS.DT			
mh24-14-10	NB	HS.TC			
mh24-14-11		HS.TC			
mh24-14-12		HS.DB			
mh24-14-13		HS.CT			
mh24-14-14	TH	ML.LT			
mh24-14-15	TH	HS.DB			
mh24-14-16	TH	HS.TC			
mh24-14-17	NB	KD.KN			
mh24-14-18		HS.MM			
mh24-14-19		HS.DB			
mh24-14-20	TH	HS.CT			
mh24-14-21		HS.CT			
mh24-14-22	NB	KD.KN			
mh24-14-23		KD.KN	source_corrupted		từ câu 23 file lệch: lời giải ở mỗi câu là của câu kế tiếp và dấu * không khớp lời giải
mh24-14-24		HS.MM	source_corrupted		từ câu 23 file lệch: lời giải ở mỗi câu là của câu kế tiếp và dấu * không khớp lời giải
mh24-14-25		ML.LT	source_corrupted		từ câu 23 file lệch: lời giải ở mỗi câu là của câu kế tiếp và dấu * không khớp lời giải
mh24-14-26		HS.CT	source_corrupted		từ câu 23 file lệch: lời giải ở mỗi câu là của câu kế tiếp và dấu * không khớp lời giải
mh24-14-27		KD.TT	source_corrupted		từ câu 23 file lệch: lời giải ở mỗi câu là của câu kế tiếp và dấu * không khớp lời giải
mh24-14-28		HS.MM	source_corrupted		từ câu 23 file lệch: lời giải ở mỗi câu là của câu kế tiếp và dấu * không khớp lời giải
mh24-14-29		HS.TG	source_corrupted		từ câu 23 file lệch: lời giải ở mỗi câu là của câu kế tiếp và dấu * không khớp lời giải
mh24-14-30		HS.CT	source_corrupted		từ câu 23 file lệch: lời giải ở mỗi câu là của câu kế tiếp và dấu * không khớp lời giải
mh24-14-31		ML.LT	source_corrupted		từ câu 23 file lệch: lời giải ở mỗi câu là của câu kế tiếp và dấu * không khớp lời giải
mh24-14-32		KD.TT	source_corrupted		từ câu 23 file lệch: lời giải ở mỗi câu là của câu kế tiếp và dấu * không khớp lời giải
mh24-14-33		HS.TC	source_corrupted		từ câu 23 file lệch: lời giải ở mỗi câu là của câu kế tiếp và dấu * không khớp lời giải
mh24-14-34		KD.TT	source_corrupted		từ câu 23 file lệch: lời giải ở mỗi câu là của câu kế tiếp và dấu * không khớp lời giải
mh24-14-35		ML.HS	source_corrupted		từ câu 23 file lệch: lời giải ở mỗi câu là của câu kế tiếp và dấu * không khớp lời giải
mh24-14-36		KD.TT	source_corrupted		từ câu 23 file lệch: lời giải ở mỗi câu là của câu kế tiếp và dấu * không khớp lời giải
mh24-14-37		HS.DB	source_corrupted		từ câu 23 file lệch: lời giải ở mỗi câu là của câu kế tiếp và dấu * không khớp lời giải
mh24-14-38		KD.KN	source_corrupted		từ câu 23 file lệch: lời giải ở mỗi câu là của câu kế tiếp và dấu * không khớp lời giải
mh24-14-39		HS.TG	source_corrupted		từ câu 23 file lệch: lời giải ở mỗi câu là của câu kế tiếp và dấu * không khớp lời giải
mh24-14-40		ML.HS	source_corrupted		từ câu 23 file lệch: lời giải ở mỗi câu là của câu kế tiếp và dấu * không khớp lời giải
mh24-14-41		HS.DT	source_corrupted		từ câu 23 file lệch: lời giải ở mỗi câu là của câu kế tiếp và dấu * không khớp lời giải
mh24-14-42		KD.TT	source_corrupted		từ câu 23 file lệch: lời giải ở mỗi câu là của câu kế tiếp và dấu * không khớp lời giải
mh24-14-43		HS.MM	source_corrupted		từ câu 23 file lệch: lời giải ở mỗi câu là của câu kế tiếp và dấu * không khớp lời giải
mh24-14-44		HS.CT	source_corrupted		từ câu 23 file lệch: lời giải ở mỗi câu là của câu kế tiếp và dấu * không khớp lời giải
mh24-14-45		HS.CT	source_corrupted		từ câu 23 file lệch: lời giải ở mỗi câu là của câu kế tiếp và dấu * không khớp lời giải
mh24-14-46		HS.DB	source_corrupted		từ câu 23 file lệch: lời giải ở mỗi câu là của câu kế tiếp và dấu * không khớp lời giải
mh24-14-47		KD.TT	source_corrupted		từ câu 23 file lệch: lời giải ở mỗi câu là của câu kế tiếp và dấu * không khớp lời giải
mh24-14-48		HS.DB	source_corrupted		từ câu 23 file lệch: lời giải ở mỗi câu là của câu kế tiếp và dấu * không khớp lời giải
mh24-14-49		HS.TG	source_corrupted		từ câu 23 file lệch: lời giải ở mỗi câu là của câu kế tiếp và dấu * không khớp lời giải
mh24-14-50		HS.MM	source_corrupted		từ câu 23 file lệch: lời giải ở mỗi câu là của câu kế tiếp và dấu * không khớp lời giải
mh24-15-01	TH	ML.BPT			
mh24-15-02	TH	HS.TT			
mh24-15-03	TH	HS.CT			
mh24-15-04	NB	KD.TT	duplicate:mh24-02-31		cùng bài với mh24-02-31 (cùng hỏi công thức thể tích khối chóp)
mh24-15-05		HS.MM			
mh24-15-06		HS.DT			
mh24-15-07	NB	ML.BPT			
mh24-15-08		ML.LT	source_corrupted		lời giải là của câu khác (đạo hàm hàm logarit y=log_2023(x²+1))
mh24-15-10		HS.TC			
mh24-15-11		ML.HS			lời giải đặt tên lệch với đề (đề: y=a^x, log_b, log_c; lời giải: c^x, log_a, log_b)
mh24-15-12	TH	ML.LT			
mh24-15-13		ML.PT			
mh24-15-14		HS.DB			
mh24-15-15	NB	ML.LT			
mh24-15-16		HS.CT			
mh24-15-17	TH	TX.NON			
mh24-15-18	NB	ML.HS			
mh24-15-19	NB	ML.HS			
mh24-15-20	TH	KD.TT	duplicate:mh24-08-14		cùng bài với mh24-08-14 (khác cách viết)
mh24-15-21	TH	ML.BPT			
mh24-15-22	NB	HS.TC			
mh24-15-23	TH	XS.CD			
mh24-15-24	TH	HS.MM			
mh24-15-25		HS.DT			
mh24-15-26		KD.KN			
mh24-15-27	TH	KD.TT			
mh24-15-28		ML.PT	source_corrupted		lời giải là của câu khác (tương giao, phương trình x³−3x+1=0)
mh24-15-30	TH	HK.GOC			
mh24-15-31	NB	XS.TH			
mh24-15-32	NB	DS.CSC			
mh24-15-33	NB	ML.PT			
mh24-15-34	NB	HK.KC			
mh24-15-35		TX.TRU			
mh24-15-36	VD	KD.TT			
mh24-15-37		KD.TT			
mh24-15-38	VD	ML.LT			
mh24-15-39	VD	HS.CT			
mh24-15-40	VD	TX.TRU	figure_optional		
mh24-15-41	VD	HS.TC			
mh24-15-42		HS.DB			
mh24-15-43	VD	HS.DB			
mh24-15-44	VD	TX.NON			
mh24-15-45	TH	TX.CAU	duplicate:mh24-10-33		cùng bài với mh24-10-33 (khác cách viết)
mh24-15-46	VD	KD.TT			
mh24-15-47	VD	ML.PT			
mh24-15-48		KD.TT	source_corrupted		hai phương án đúng: với m=6, n=2 cả A (2n²−3m=−10<15) lẫn B (m+2n=10) đều đúng; cách viết a√m/n cũng không duy nhất
mh24-15-49	VDC	ML.BPT			file gốc đặt lời giải câu 50 ở cuối lời giải câu 49; bộ đọc đã cắt phần thừa (cờ solution_tail_cut)
mh24-16-01	NB	DS.CSC			
mh24-16-02	NB	XS.TH			
mh24-16-03	TH	HK.GOC	figure_optional		
mh24-16-04		HS.DB			
mh24-16-05		HS.CT			
mh24-16-06	TH	HS.CT			
mh24-16-07	NB	HS.TC			
mh24-16-08	TH	HS.TC			
mh24-16-09		HS.DT			
mh24-16-10		HS.TG			
mh24-16-11	TH	HS.TG			
mh24-16-12		HS.MM			
mh24-16-13	NB	ML.HS			
mh24-16-14	NB	ML.HS			
mh24-16-15	NB	ML.PT			
mh24-16-16	NB	ML.BPT			
mh24-16-17	NB	ML.LT			
mh24-16-18	NB	ML.HS			
mh24-16-19	NB	NH			
mh24-16-20	NB	NH			
mh24-16-21	NB	NH			
mh24-16-22	NB	KD.TT			
mh24-16-23		KD.TT			
mh24-16-24	NB	KD.TT			
mh24-16-25	NB	KD.TT			
mh24-16-26	NB	TX.NON			
mh24-16-27	NB	TX.TRU			
mh24-16-28	NB	TX.NON			
mh24-16-29	TH	XS.CD			
mh24-16-30	VD	HK.KC	figure_optional		
mh24-16-31	TH	HS.DB			
mh24-16-32	TH	HS.MM			
mh24-16-33	VD	HS.TG			
mh24-16-34	TH	ML.LT			
mh24-16-35	TH	ML.BPT			
mh24-16-36	TH	NH			
mh24-16-37		TX.NON	source_corrupted		phương án D bị thay bằng công thức của câu 44 (đối tượng MathType trỏ nhầm)
mh24-16-38	TH	KD.TT			
mh24-16-39	VD	HS.DB			
mh24-16-40		HS.DT			
mh24-16-41	VD	TX.TRU		B	bản gốc: dấu * đặt ở D (100π√11) nhưng V=π·5²·2√11=50π√11 (B); lời giải cũng ra B
mh24-16-42	VD	KD.TT			
mh24-16-43	VD	HS.DB			
mh24-16-44	VDC	ML.BPT			
mh24-16-45	VD	NH			
mh24-16-46	VDC	HS.CT			
mh24-16-47	VDC	HS.MM			
mh24-16-48	VD	KD.TT			
mh24-16-49	VD	ML.LT			
mh24-16-50	VDC	ML.PT			
mh24-17-01		HS.DB			
mh24-17-02	TH	HS.DB		B	bản gốc: dấu * đặt ở C (y=−x³−3x nghịch biến); đáp án đúng là B (y=x³+x), lời giải cũng ra B
mh24-17-03		HS.CT			
mh24-17-04	NB	HS.TC			
mh24-17-05		HS.MM			
mh24-17-06		HS.DT	figure_implicit		đề nhắc "đường cong dưới đây" nhưng file gốc không có hình
mh24-17-07	NB	ML.PT			
mh24-17-08	TH	ML.BPT			
mh24-17-09	NB	ML.LT			
mh24-17-10	NB	ML.HS			
mh24-17-11	NB	NH			
mh24-17-12	NB	NH			
mh24-17-13	NB	DS.CSN			
mh24-17-14	NB	TX.TRU			
mh24-17-15	NB	XS.TH			
mh24-17-16		KD.KN			
mh24-17-17		KD.KN			
mh24-17-18	NB	KD.TT	keep		giữ làm bản chính: bản trùng mh24-14-36 hỏng vì file đề 14 lệch lời giải từ câu 23
mh24-17-19	NB	KD.TT			
mh24-17-20	NB	TX.CAU			
mh24-17-21	NB	TX.NON			
mh24-17-22		HS.TG			
mh24-17-23	TH	HS.CT			
mh24-17-24	TH	HS.MM			
mh24-17-25	TH	HS.TG			
mh24-17-26	TH	HS.TT			
mh24-17-27		ML.HS			
mh24-17-28	TH	ML.HS			
mh24-17-29	TH	ML.BPT			
mh24-17-30	TH	NH			
mh24-17-31	TH	TX.NON			
mh24-17-32	TH	KD.TT			
mh24-17-33	TH	TX.TRU			
mh24-17-34	TH	ML.PT			
mh24-17-35	TH	TX.TRU			
mh24-17-36	TH	HK.GOC			
mh24-17-37	VD	HS.TC			
mh24-17-38	TH	XS.CD			
mh24-17-39	VD	KD.TT			
mh24-17-40	VD	ML.PT			
mh24-17-41	VD	HK.KC			
mh24-17-42	VD	ML.BPT			
mh24-17-43	VD	HS.DB			
mh24-17-44	VD	HS.MM			
mh24-17-45	VD	TX.CAU			
mh24-17-46	VDC	KD.TT			
mh24-17-47		ML.BPT	solution_typo		bản này kết luận đúng 20 nhưng vẫn ghi f'(t)<0 rồi nói đồng biến (cùng lỗi với mh24-04-47)
mh24-17-48	VDC	ML.HS			
mh24-17-49	VDC	HS.TG			
mh24-17-50	VDC	HS.CT			
mh24-18-01	TH	HK.QH			
mh24-18-02	NB	LG.PT			
mh24-18-03	NB	ML.LT			
mh24-18-04	NB	ML.LT			
mh24-18-05		HS.DB			
mh24-18-06	NB	ML.LT			
mh24-18-07	NB	KD.TT			
mh24-18-08	NB	TX.CAU			
mh24-18-09	NB	ML.HS			
mh24-18-10	NB	ML.PT			
mh24-18-11	TH	TX.TRU			
mh24-18-12	NB	ML.LT			
mh24-18-13	TH	TX.NON			lời giải gọi đỉnh là O (đề gọi là S), vẫn theo dõi được
mh24-18-14	NB	TX.TRU			
mh24-18-16	NB	ML.PT			
mh24-18-18	NB	KD.TT			
mh24-18-19		HS.MM			
mh24-18-20	NB	KD.TT			
mh24-18-21	TH	KD.TT			
mh24-18-22	TH	HS.MM			
mh24-18-23	NB	TX.TRU			
mh24-18-24	TH	HS.TG			
mh24-18-25	TH	ML.HS			
mh24-18-26		HS.DT			
mh24-18-27	TH	TX.NON			
mh24-18-28	NB	KD.KN			
mh24-18-29	NB	ML.BPT			
mh24-18-30	TH	HS.DB			
mh24-18-31	TH	GH			
mh24-18-32		HS.TG			
mh24-18-33	VD	HS.CT			
mh24-18-34	VD	XS.TH			
mh24-18-35	TH	HS.TT			
mh24-18-36	VD	HS.TC			
mh24-18-37	VD	HS.DB			
mh24-18-38	VD	ML.LT			
mh24-18-39	VD	ML.TT			
mh24-18-40	VD	HK.KC		A	bản gốc: lời giải chứng minh d(M)=½d(A) rồi dừng ở d(A)=4√3/3; dấu * đặt ở D theo d(A); đáp án đúng là 2√3/3 (A)
mh24-18-41		ML.BPT			
mh24-18-42	VD	KD.TT			
mh24-18-43		HS.TG			
mh24-18-44	VD	TX.NON	figure_optional		
mh24-18-45		KD.TT			
mh24-18-46	VD	ML.PT			
mh24-18-47	VD	HS.CT			
mh24-18-48		ML.PT		C	lời giải dựa vào đồ thị dạng hình (vẫn bị chặn); đáp án đã sửa thành C
mh24-18-49	VD	ML.LT			
mh24-18-50		HS.TU			
mh24-19-03	TH	ML.BPT			
mh24-19-05	TH	ML.BPT			
mh24-19-06		ML.LT	solution_trivial		lời giải chỉ ghi kết quả x^(3/8), không có bước biến đổi
mh24-19-07	NB	ML.HS			
mh24-19-08	NB	DS.CSC			
mh24-19-09		HS.MM			
mh24-19-10	TH	ML.PT			
mh24-19-11	NB	KD.TT	duplicate:mh24-09-35		cùng bài với mh24-09-35 (khác cách ghi phương án)
mh24-19-12	TH	TX.NON			
mh24-19-13	NB	TX.NON			
mh24-19-14	TH	HS.CT			
mh24-19-15	TH	ML.HS			
mh24-19-16	NB	ML.HS			
mh24-19-17	NB	TX.TRU			
mh24-19-19	TH	KD.TT			
mh24-19-20	NB	ML.HS			
mh24-19-21	TH	KD.TT			
mh24-19-22	TH	HS.DB			
mh24-19-23	NB	TX.TRU			
mh24-19-24	TH	KD.TT			
mh24-19-25	TH	HS.DB			
mh24-19-26	NB	HS.CT			
mh24-19-27	NB	TX.CAU		C	bản gốc: mặt cầu bán kính 2R có diện tích 4π(2R)²=16πR² (C); dấu * và lời giải lấy nhầm bán kính R
mh24-19-28	NB	TX.CAU			
mh24-19-29	TH	HS.TG			
mh24-19-30	NB	HS.TC			
mh24-19-31		HS.DT			
mh24-19-32	NB	XS.TH			
mh24-19-33	NB	ML.LT			
mh24-19-34		HS.MM			
mh24-19-35	TH	HK.KC			
mh24-19-36	VD	ML.BPT			
mh24-19-37	VDC	ML.BPT			
mh24-19-38	VDC	ML.PT			
mh24-19-39	VD	XS.CD			
mh24-19-40		HS.CT			
mh24-19-41	VD	HS.MM			
mh24-19-42	VDC	TX.CAU			
mh24-19-43	VDC	KD.TT			
mh24-19-44		TX.TRU			
mh24-19-46	VD	HS.CT			
mh24-19-47	TH	HK.GOC			
mh24-19-48	VD	ML.PT			
mh24-19-50	VD	KD.TT			
mh24-20-02		HS.DB			
mh24-20-03	TH	ML.BPT			
mh24-20-04	NB	ML.LT			
mh24-20-05	NB	HS.TC			
mh24-20-06	NB	DS.CSC			
mh24-20-07	NB	TX.CAU			
mh24-20-08	NB	TX.NON	duplicate:mh24-10-42		cùng bài với mh24-10-42 (khác một phương án nhiễu)
mh24-20-09	TH	HK.GOC	figure_optional		
mh24-20-10		HS.DB			
mh24-20-11	NB	OX.MC			
mh24-20-12	NB	KD.KN			
mh24-20-13	NB	ML.BPT			
mh24-20-14	NB	ML.PT			
mh24-20-15	TH	TP			
mh24-20-16	NB	KD.TT			
mh24-20-17		HS.CT			
mh24-20-18	NB	ML.HS			
mh24-20-19		HS.MM			
mh24-20-20	NB	XS.TH			
mh24-20-21	NB	ML.LT			
mh24-20-22	NB	HS.DT			
mh24-20-23	TH	OX.TD			
mh24-20-24	NB	NH			
mh24-20-25	TH	UD.DT			
mh24-20-26		HS.DT			
mh24-20-27	TH	HK.GOC	figure_optional		
mh24-20-28	TH	HS.CT			
mh24-20-29	VD	TX.TRU			
mh24-20-30	TH	HS.DB			
mh24-20-31	TH	OX.DT			
mh24-20-32	TH	NH			
mh24-20-33	TH	ML.PT			
mh24-20-34	TH	TP			
mh24-20-35	TH	XS.CD			
mh24-20-36	TH	ML.PT			
mh24-20-37	VD	HK.KC			
mh24-20-38	VD	TX.CAU			
mh24-20-39	TH	OX.MC			
mh24-20-40	VD	OX.TD			
mh24-20-41	VD	TP			
mh24-20-42	VD	KD.TT			
mh24-20-43	VD	OX.MC			
mh24-20-44	VD	HS.CT			
mh24-20-45		HS.MM			
mh24-20-46		HS.DB			
mh24-20-47	VDC	ML.PT			
mh24-20-49	VD	ML.BPT			
mh24-20-50	VD	NH			
mh24-21-01	NB	DS.CSC			
mh24-21-02	NB	ML.HS			
mh24-21-03	TH	ML.PT			
mh24-21-04	TH	HS.CT			
mh24-21-05		HS.CT			
mh24-21-06	TH	HS.TC			
mh24-21-07	NB	TX.NON			
mh24-21-08	NB	ML.HS			
mh24-21-10	TH	HS.MM			
mh24-21-11	NB	ML.HS			
mh24-21-12		KD.KN			
mh24-21-13	NB	KD.TT			
mh24-21-14	TH	KD.TT	figure_optional		
mh24-21-15	NB	OX.TD			
mh24-21-16		HS.DT			
mh24-21-17	NB	NH			
mh24-21-18		HS.TC			
mh24-21-19	TH	ML.LT			
mh24-21-20	NB	XS.TH			
mh24-21-21		HS.MM			
mh24-21-22	TH	ML.BPT			
mh24-21-23	NB	ML.BPT			
mh24-21-24	NB	NH			
mh24-21-25	TH	HK.GOC			
mh24-21-26	NB	OX.MC			
mh24-21-27	TH	HS.DB		C	bản gốc: y'=−4x(x²−1)>0 trên (−∞;−1) và (0;1) nên đáp án đúng là C (0;1); dấu * và lời giải chọn (1;+∞) là khoảng nghịch biến
mh24-21-28	NB	ML.PT			
mh24-21-29	TH	TX.TRU		A	bản gốc: quay quanh MN được khối trụ r=a, h=4a nên V=4πa³ (A); dấu * ở B (16πa³), lời giải lại ra 2πa³
mh24-21-30	TH	KD.KN	figure_optional		
mh24-21-31	NB	HS.DB			
mh24-21-33	NB	TX.TRU	duplicate:mh24-04-28		cùng bài với mh24-04-28 (khác phương án nhiễu)
mh24-21-36	VD	XS.CD			
mh24-21-37	VD	OX.TD			
mh24-21-38		HS.DT			
mh24-21-39	TH	NH			
mh24-21-40	VD	HK.KC			
mh24-21-41		HS.CT			
mh24-21-42	VD	ML.LT			
mh24-21-43	VDC	ML.PT		B	bản gốc: t=log₃cos²x ≤ 0 (t=0 khi cos x=±1, lúc đó vế trái bằng 1) nên m=0 và m=6 vẫn có nghiệm; vô nghiệm khi 0<m<6: 5 giá trị (B); lời giải lấy t<0 nên ra 7
mh24-21-44		HS.TC			
mh24-21-45	VD	TX.NON			
mh24-21-46	VDC	ML.LT			
mh24-21-47	VDC	HK.KC			
mh24-21-48	VD	KD.TT			
mh24-21-49		HS.DB			
mh24-22-01	NB	OX.TD			
mh24-22-02	NB	HS.TC			
mh24-22-03	TH	HS.CT			
mh24-22-04	NB	NH			
mh24-22-05	NB	KD.TT			
mh24-22-09	NB	TX.CAU			
mh24-22-10		HS.TG			
mh24-22-11	NB	NH			
mh24-22-12	NB	ML.HS			
mh24-22-13	TH	HS.CT			
mh24-22-15		HS.DT			
mh24-22-17	NB	ML.BPT			
mh24-22-18	NB	ML.PT			
mh24-22-21	NB	ML.PT			
mh24-22-22	TH	NH			
mh24-22-23	TH	KD.TT			
mh24-22-24	TH	TX.TRU			
mh24-22-25	TH	KD.TT			
mh24-22-26	TH	XS.TH			
mh24-22-27	TH	HS.MM			
mh24-22-28	TH	UD.TTe			
mh24-22-29	NB	TX.CAU			
mh24-22-30		HS.TC			
mh24-22-31	TH	TX.NON			
mh24-22-32	NB	ML.LT			
mh24-22-33	TH	KD.TT			
mh24-22-34	TH	KD.TT			
mh24-22-35	NB	DS.CSC			
mh24-22-36	TH	TX.CAU			
mh24-22-37	VD	ML.PT			
mh24-22-38		HS.DB			
mh24-22-39	VD	HS.MM			
mh24-22-40	VD	OX.TD		A	bản gốc: ABCD là hình thang đáy AD nên AD cùng hướng BC (AD=3BC): chỉ có D(−17;−3;4) (A); lời giải nhận cả AD=−3BC (tứ giác tự cắt) và ghi nhầm D(13;9;−2) thành D(12;9;−2)
mh24-22-41	VD	KD.TT			
mh24-22-42		NH			
mh24-22-43	VD	ML.PT			
mh24-22-44		TX.TRU			
mh24-22-45	VD	HS.TG			
mh24-22-46	VD	ML.BPT			
mh24-22-47	VD	KD.TT			
mh24-22-48	VDC	TX.CAU			
mh24-22-49	TH	OX.TD			
mh24-23-01		HS.CT			
mh24-23-02	NB	ML.LT			
mh24-23-07	NB	ML.PT			
mh24-23-09	NB	ML.HS			
mh24-23-10	NB	UD.DT			
mh24-23-12	NB	SP.PT			
mh24-23-13		HS.DB			
mh24-23-14	NB	TX.CAU			
mh24-23-15	TH	NH			
mh24-23-16		ML.HS			
mh24-23-17	NB	ML.BPT			
mh24-23-19	NB	TX.TRU			
mh24-23-22	NB	TP		B	bản gốc: ∫₀²f(x)dx=F(2)−F(0)=−3−5=−8 (B); dấu * và lời giải ghi 8
mh24-23-23		HS.TC			
mh24-23-24	NB	SP.PT			
mh24-23-26	TH	HS.DB			
mh24-23-27	TH	SP.PT			
mh24-23-28	TH	HK.KC	figure_optional		
mh24-23-30	TH	XS.CD			
mh24-23-31	TH	HS.MM			
mh24-23-32	TH	TP			
mh24-23-33	TH	HK.GOC			
mh24-23-35	NB	OX.MC			
mh24-23-36	NB	OX.MP			
mh24-23-37	TH	ML.PT			
mh24-23-39		HS.TG			
mh24-23-40	VDC	SP.MD		D	bản gốc: với m=1 và m=11 điểm tiếp xúc là z=6 (z/(z−6) không xác định) nên loại; chỉ còn m=±5 (z=0) nên tổng bằng 0 (D); dấu * và lời giải ra 12
mh24-23-42	TH	KD.TT			
mh24-23-43	VD	UD.TT			
mh24-23-44	TH	OX.DT			
mh24-23-45	VD	TX.NON			
mh24-23-46	VDC	TP.HA			
mh24-23-50	VDC	OX.GK			
mh24-24-02	TH	DS.CSC			
mh24-24-03	TH	OX.TD			
mh24-24-04	NB	ML.BPT			
mh24-24-05		HS.TC			
mh24-24-06	TH	HS.CT			
mh24-24-08	NB	KD.TT			
mh24-24-11	NB	TX.TRU			
mh24-24-13	NB	TP			
mh24-24-14	NB	ML.LT			
mh24-24-15	NB	ML.PT			
mh24-24-16		HS.DT			
mh24-24-17	NB	NH			
mh24-24-18	TH	OX.TD			
mh24-24-19	NB	ML.HS			
mh24-24-20		HS.DB			
mh24-24-21	TH	ML.BPT			
mh24-24-22	TH	ML.PT			
mh24-24-23	TH	XS.CD	duplicate:mh24-17-38		cùng bài với mh24-17-38 (khác cách viết)
mh24-24-24	TH	NH			
mh24-24-25	TH	HK.GOC	figure_optional	B	bộ đọc bắt nhầm đáp án D trong lời giải; lời giải và dấu * đều ra 45° (B)
mh24-24-26	TH	KD.TT			
mh24-24-27		HS.DT			
mh24-24-28	VD	HK.KC			
mh24-24-30		HS.TT	duplicate:mh24-17-26		cùng đề với mh24-17-26, chỉ khác một phương án nhiễu
mh24-24-31	TH	HS.CT			
mh24-24-32	TH	ML.TT		B	bản gốc: giá năm 2029 = 900.000.000·0,98⁵ ≈ 813.529.000 (B), đúng như lời giải; dấu * ở C (830.131.000 là giá năm 2028)
mh24-24-33	TH	TX.NON			
mh24-24-34	TH	HS.MM			
mh24-24-35	TH	TX.TRU	duplicate:mh24-06-25		cùng bài với mh24-06-25 (khác cách viết)
mh24-24-36	TH	TX.CAU			
mh24-24-37	VD	ML.PT		D	bản gốc: cần g(0)=3m−8>0 và g(1)=m−9<0 (g(t)=t²−2(m+1)t+3m−8) nên 8/3<m<9: m∈{3,…,8}, 6 giá trị (D); lời giải lấy 3/2<m<9 nên ra 7
mh24-24-38		HS.DB	duplicate:mh24-17-43		cùng đề với mh24-17-43 (bản này có lỗi gõ "giả trị", "đồng biển")
mh24-24-39		HS.MM			
mh24-24-40	VD	ML.HS		D	bản gốc: m=4 thì mx−m+2=4x−2 bằng 0 tại x=1/2 nên hàm không xác định trên [1/2;+∞); đáp án đúng m∈[0;4) (D); lời giải dùng ≤ nên ra [0;4]
mh24-24-41	VD	TX.CAU			
mh24-24-42	VD	HS.CT			
mh24-24-43	VD	NH			
mh24-24-44	VD	TX.TRU	figure_optional		
mh24-24-45		HS.TG			
mh24-24-46	VD	HS.DB			
mh24-24-47	VD	KD.TT		D	bản gốc: tính lại: cạnh đáy a√3, CC'=3a/√5 nên V=9a³√15/20 (D), đúng như lời giải; dấu * đặt ở B
mh24-24-48	VDC	ML.PT			
mh24-24-49		HS.CT			
mh24-25-02	TH	TP			
mh24-25-03	TH	XS.TH			
mh24-25-04	TH	HS.TG			
mh24-25-05	TH	HS.TC			
mh24-25-06	TH	KD.TT	duplicate:mh24-04-36		cùng bài với mh24-04-36 (AB'=2a thay cho AC'=2a (hai đường chéo mặt bên bằng nhau))
mh24-25-07	TH	KD.TT			
mh24-25-08	TH	TX.CAU			
mh24-25-09	NB	SP.PT			
mh24-25-10	NB	KD.TT		A	bản gốc: V=⅓·2a²·2a=4a³/3 (A), đúng như lời giải; dấu * đặt ở C (4a³)
mh24-25-12	TH	DS.DS			
mh24-25-13	NB	OX.MC			
mh24-25-14	NB	OX.TD			
mh24-25-15	TH	UD.DT			
mh24-25-16	TH	NH			
mh24-25-17	NB	ML.HS			
mh24-25-18	TH	ML.BPT			
mh24-25-19	TH	HK.GOC			
mh24-25-20	NB	ML.HS			
mh24-25-21	NB	HS.CT			
mh24-25-22	TH	TP			bảng đổi cận trong lời giải bị dính số ("01", "31")
mh24-25-23	NB	SP.PT			
mh24-25-24	TH	HS.DB			
mh24-25-25	NB	OX.DT			
mh24-25-26	NB	OX.MP			
mh24-25-27	TH	HS.CT			
mh24-25-28	NB	OX.MC		C	bộ đọc bắt nhầm D trong lời giải; lời giải và dấu * đều là C
mh24-25-29	NB	HS.CT		B	bản gốc: a>0, b<0 nên có 2 điểm cực tiểu x=±1 (B), đúng như lời giải; dấu * ở A (3)
mh24-25-30	TH	ML.LT			
mh24-25-31	TH	HK.KC			
mh24-25-32	TH	XS.CD			
mh24-25-33	TH	SP.PTr			
mh24-25-34	TH	ML.BPT			
mh24-25-35	VD	TP.HA			
mh24-25-36	TH	ML.BPT			
mh24-25-37	NB	OX.MP			
mh24-25-38	TH	HS.TG			
mh24-25-39	TH	HS.CT			
mh24-25-40	NB	NH			
mh24-25-41	VD	SP.MD			
mh24-25-42	VD	OX.GK			
mh24-25-43	VDC	SP.MD			
mh24-25-44	VDC	KD.TT			
mh24-25-46	VD	OX.MC			
mh24-25-47	VD	HS.DB			
mh24-25-48	VD	NH			
mh24-25-49	VDC	ML.BPT			
mh24-26-02	NB	ML.LT			
mh24-26-05	NB	ML.HS			
mh24-26-07	TH	HK.GOC			
mh24-26-08		HS.CT			
mh24-26-09	NB	ML.LT			
mh24-26-10	NB	TX.NON			
mh24-26-11	TH	TX.CAU			
mh24-26-12	NB	DS.CSC			
mh24-26-16	NB	NH			
mh24-26-17	NB	OX.TD		C	bản gốc: OM=j−2k nên M(0;1;−2) (C), đúng như lời giải; dấu * đặt ở B
mh24-26-18	NB	ML.BPT			
mh24-26-19	NB	HS.TC			
mh24-26-20	NB	HS.TC			
mh24-26-23		HS.DB	solution_trivial		lập luận nằm trong ảnh bảng xét dấu đã bị bỏ; phần chữ chỉ còn câu dẫn và kết luận
mh24-26-26	TH	TX.NON			
mh24-26-28	TH	ML.HS			
mh24-26-29	TH	HS.DB			
mh24-26-30	TH	XS.CD	figure_optional		
mh24-26-31	TH	TX.TRU			
mh24-26-32	TH	ML.LT			
mh24-26-33	NB	OX.MP			
mh24-26-34	TH	HS.MM			
mh24-26-37	TH	NH			
mh24-26-38	NB	KD.TT			
mh24-26-39	VD	KD.TT	figure_optional		hình dàn trang lọt vào cuối phương án D
mh24-26-40	TH	OX.DT			
mh24-26-41	VD	HS.DB			
mh24-26-43	VD	HS.MM			
mh24-26-44	TH	OX.TD			
mh24-26-47	VDC	ML.BPT			
mh24-26-50	VDC	OX.MC			
mh24-27-01	NB	ML.HS			
mh24-27-02	TH	KD.TT	figure_optional	C	bản gốc: mặt bên 6a² = 2a·h ⇒ h=3a, V lăng trụ = a²√3·3a = 3√3a³ nên V(A'.ABC)=√3a³ (C); lời giải lấy nhầm 6a²·2a làm thể tích lăng trụ nên ra 4a³ (dấu * ở B)
mh24-27-03	NB	OX.TD			
mh24-27-04	NB	KD.TT			
mh24-27-05	TH	ML.LT			
mh24-27-06	NB	ML.HS			
mh24-27-07	TH	OX.TD	duplicate:mh24-07-12		cùng bài với mh24-07-12 (khác thứ tự phương án)
mh24-27-08	NB	TP		B	bản gốc: ∫₁²f=−∫₂¹f=−3 nên ∫₀²f=2−3=−1 (B); dấu * và lời giải cộng nhầm thành 5 (công thức trong lời giải cũng sai)
mh24-27-09		HS.DT			
mh24-27-10	TH	HS.MM			
mh24-27-11	TH	ML.PT			
mh24-27-12	NB	NH			
mh24-27-13	TH	TP			
mh24-27-14	NB	XS.TH			
mh24-27-15	TH	HS.DB			
mh24-27-16	TH	KD.TT	figure_optional		
mh24-27-17	VD	XS.CD	duplicate:mh24-06-38		cùng bài với mh24-06-38 (khác câu dẫn)
mh24-27-18	NB	HS.TC			
mh24-27-19		HS.CT	solution_trivial		lập luận nằm trong ảnh bảng xét dấu đã bị bỏ; phần chữ chỉ còn kết luận
mh24-27-20	TH	KD.TT			
mh24-27-21	TH	NH			
mh24-27-22		HS.DB			
mh24-27-23	NB	XS.TH			
mh24-27-25	NB	TX.NON			
mh24-27-26	NB	KD.TT			
mh24-27-27	TH	TP			
mh24-27-28	NB	OX.TD		A	bản gốc: M(2;0;−1) nên OM=√5 (A), đúng như lời giải; dấu * đặt ở D
mh24-27-29		HS.CT			
mh24-27-30	TH	TX.CAU			
mh24-27-31	NB	ML.LT			
mh24-27-32	NB	OX.MC			
mh24-27-33	TH	ML.BPT			
mh24-27-34	NB	ML.HS			
mh24-27-35	NB	HS.TC			
mh24-27-36	VD	HS.MM			
mh24-27-39	TH	OX.TD			
mh24-27-40	VD	KD.TT			
mh24-27-41	VD	TX.TRU			
mh24-27-42	VDC	HS.TG		D	bản gốc: t=x ⇒ f(x)+m=x³ ⇒ x⁵+x³=2m; x∈[−1;1] cho 2m∈[−2;2] nên m∈{−1;0;1}: 3 giá trị (D); lời giải bỏ sót +m nên ra x⁵+x³=3m và chỉ còn m=0
mh24-27-43		HK.QH	source_corrupted		các phương án (0; 2; 1; 3) không khớp câu hỏi hỏi mặt phẳng cố định
mh24-27-44	VD	TP		C	bản gốc: a, b nguyên tố cùng nhau nên 2ln2−1 = 1·ln4−1 ⇒ a=1, b=4, c=−1, T=3+4=7 (C); lời giải lấy a=b=2 (không nguyên tố cùng nhau) ra 14
mh24-28-01	NB	DS.CSN	duplicate:mh24-06-12		cùng bài với mh24-06-12 (khác thứ tự phương án)
mh24-28-02	NB	TX.TRU			
mh24-28-03		HS.DB			
mh24-28-04		XS.CD			
mh24-28-05		HS.CT			
mh24-28-06		HS.TG			
mh24-28-07	TH	HS.DB			
mh24-28-08	TH	KD.KN			
mh24-28-09	NB	HS.CT			
mh24-28-10	TH	HK.GOC	figure_optional		
mh24-28-11	NB	ML.HS			
mh24-28-12	TH	ML.LT			
mh24-28-13	NB	KD.TT	figure_optional		
mh24-28-14	TH	HS.TG			
mh24-28-15	NB	KD.KN			
mh24-28-16	NB	HS.TC			
mh24-28-17	NB	HS.TG			
mh24-28-18	NB	KD.TT	duplicate:mh24-02-35		cùng bài với mh24-02-35 (cùng hỏi công thức thể tích khối lăng trụ)
mh24-28-19	NB	ML.LT			
mh24-28-20	NB	DS.CSC			
mh24-28-21	VD	HS.TC			
mh24-28-22		HS.DT			
mh24-28-23	TH	TX.CAU			
mh24-28-24	NB	ML.LT			
mh24-28-25	NB	TX.NON			
mh24-28-26	TH	XS.TH			
mh24-28-27	NB	ML.PT			
mh24-28-28	NB	ML.HS			
mh24-28-29		TX.NON			
mh24-28-30	TH	HS.MM			
mh24-28-31		HS.MM			
mh24-28-32	NB	ML.HS			
mh24-28-33	NB	ML.BPT			
mh24-28-34	NB	ML.BPT			
mh24-28-35	NB	ML.PT			
mh24-28-36	TH	ML.LT			
mh24-28-37	NB	TX.CAU			
mh24-28-38	NB	HS.DB			
mh24-28-39	VD	HK.GOC			
mh24-28-40		HS.DB			
mh24-28-41	VD	ML.BPT			
mh24-28-42		HS.DB			
mh24-28-43	VD	HK.KC			
mh24-28-44	VDC	HS.MM			
mh24-28-45	VDC	ML.PT			
mh24-28-46	VDC	HS.MM			
mh24-28-47	VD	TX.NON			
mh24-28-48		HS.CT			
mh24-28-49	VD	KD.TT		D	bản gốc: (MBC)⊥(MB'C') ⇒ AA'=a nên V=a·a²/4=a³/4 (D), đúng như lời giải; dấu * đặt ở B
mh24-28-50	VDC	KD.TT			
mh24-29-01	NB	DS.CSC			
mh24-29-02		HS.DB			
mh24-29-03	NB	ML.HS			
mh24-29-04	NB	ML.LT			
mh24-29-05		HS.CT			
mh24-29-06	NB	XS.TH			
mh24-29-07	NB	OX.TD			
mh24-29-08	NB	OX.TD			
mh24-29-09	NB	OX.MC			
mh24-29-10	NB	NH			
mh24-29-11	NB	NH			
mh24-29-12	TH	ML.HS			
mh24-29-13	NB	ML.HS			
mh24-29-14	NB	ML.HS			
mh24-29-15	NB	ML.PT	duplicate:mh24-22-18		cùng bài với mh24-22-18 (khác cách ghi phương án (S={9} và x=9))
mh24-29-16		HS.DT			
mh24-29-17	TH	ML.BPT			
mh24-29-18	TH	XS.CD			
mh24-29-19	TH	HS.DB			
mh24-29-20	TH	HS.CT			
mh24-29-21	TH	HS.MM			
mh24-29-22	NB	TX.TRU			
mh24-29-23	NB	TX.CAU	duplicate:mh24-12-01		cùng bài với mh24-12-01 (khác cách viết)
mh24-29-24	NB	HS.TC			
mh24-29-25	TH	HS.TC			
mh24-29-26		HS.TG			
mh24-29-27	NB	OX.MC			
mh24-29-28		KD.KN			lời giải viết mặt phẳng (AB'C') thay vì (A'BC)
mh24-29-29	NB	TP			
mh24-29-30	NB	KD.TT	duplicate:mh24-05-11		cùng bài với mh24-05-11 (cùng hỏi công thức thể tích khối hộp chữ nhật)
mh24-29-31	TH	NH			
mh24-29-32	NB	TP			
mh24-29-33		HS.DT			
mh24-29-34	TH	NH			
mh24-29-35		ML.HS			
mh24-29-36	VD	ML.PT			
mh24-29-37	TH	HK.GOC	figure_optional		
mh24-29-38	TH	TP			
mh24-29-39	TH	KD.TT			
mh24-29-40	TH	KD.TT	figure_optional		
mh24-29-41	VD	HK.KC	figure_optional		
mh24-29-42	VD	TX.CAU			
mh24-29-43	VD	TX.NON	figure_optional		
mh24-29-44	VD	HS.DB			
mh24-29-45	VD	OX.TD			
mh24-29-46	VD	TP.HA			
mh24-29-47	VD	KD.TT			
mh24-29-48	VDC	HS.MM			
mh24-29-49	VDC	ML.BPT			
mh24-29-50		HS.MM			
mh24-30-01	NB	ML.LT			
mh24-30-03	NB	ML.BPT			
mh24-30-05		HS.CT			
mh24-30-06	NB	ML.HS			
mh24-30-07	TH	HS.DB			
mh24-30-08	NB	KD.TT			
mh24-30-10	NB	NH			
mh24-30-12	NB	HS.TC			
mh24-30-13		HS.TG			
mh24-30-14	NB	TX.TRU			
mh24-30-15	TH	ML.PT			
mh24-30-16	NB	TP			
mh24-30-17	NB	DS.CSC			
mh24-30-18		HS.DT			
mh24-30-19	NB	HS.TG			
mh24-30-20	NB	ML.BPT			
mh24-30-21	NB	ML.BPT			
mh24-30-22	NB	TX.CAU			
mh24-30-23	NB	XS.TH			
mh24-30-24	NB	KD.TT			
mh24-30-25	TH	HK.QH			lời giải trong file gốc là một ô bảng dán dạng chữ ("[* … \n … |"); bộ đọc đã tách lại dòng
mh24-30-26	TH	HS.CT			
mh24-30-27	TH	ML.BPT			
mh24-30-28	TH	ML.LT			
mh24-30-29	VD	HS.CT			
mh24-30-30	VD	HK.KC			
mh24-30-31	NB	TX.CAU			
mh24-30-32	TH	NH			
mh24-30-33	TH	HS.TG			
mh24-30-34	TH	KD.TT			
mh24-30-35	TH	TX.NON			
mh24-30-36	NB	TP			
mh24-30-37	TH	ML.BPT			
mh24-30-38	VD	XS.CD			
mh24-30-39	VD	ML.TT			
mh24-30-40		HS.CT			
mh24-30-41	VD	ML.PT			
mh24-30-42	VD	KD.TT			
mh24-30-43	VD	TX.NON			
mh24-30-44	VD	TP.HA			
mh24-30-45		HS.DB	duplicate:mh24-17-43		cùng đề với mh24-17-43, khác bộ phương án
mh24-30-46	VD	TP			
mh24-30-47		HS.TG			
mh24-30-48	VDC	KD.TT			
mh24-30-49	VDC	ML.PT			
mh24-31-36		HS.CT			
mh24-31-38		ML.PT			
mh24-31-39		HS.DB			
mh24-31-41		KD.TT			
mh24-31-43		KD.TT			
mh24-31-48		ML.BPT			
mh24-33-01	NB	XS.TH			
mh24-33-02	NB	DS.CSN			
mh24-33-03	NB	TX.NON			
mh24-33-04		HS.DB			
mh24-33-05	NB	KD.TT			
mh24-33-06	NB	ML.PT			
mh24-33-07	NB	TP			
mh24-33-08		HS.CT			
mh24-33-09		HS.DT			
mh24-33-10	NB	ML.LT			
mh24-33-11	NB	NH			
mh24-33-12	NB	SP.PT			
mh24-33-13	NB	OX.TD			
mh24-33-14	NB	OX.MC			
mh24-33-16	TH	OX.TD			
mh24-33-17	TH	HK.GOC			
mh24-33-18		HS.CT			
mh24-33-19	TH	HS.MM			
mh24-33-20	TH	ML.LT			
mh24-33-21	TH	ML.BPT			
mh24-33-22	TH	TX.TRU			
mh24-33-23		HS.TG			đề lẫn chữ quảng cáo Tailieudoc.vn trong ô công thức (bộ dựng đã tự bỏ)
mh24-33-24	TH	NH			
mh24-33-25	TH	ML.TT			
mh24-33-26	TH	KD.TT	figure_optional		
mh24-33-27	TH	HS.TC			
mh24-33-28		HS.DT			
mh24-33-29	TH	UD.DT	figure_optional		
mh24-33-30	NB	SP.PT			
mh24-33-31	NB	SP.PT			
mh24-33-32	VD	OX.TD			
mh24-33-33	TH	OX.MC			
mh24-33-34	NB	OX.MP			
mh24-33-36	VD	XS.CD			
mh24-33-37	VD	HK.KC			
mh24-33-38	VD	NH			
mh24-33-39	TH	HS.DB			
mh24-33-40	VD	TX.NON			
mh24-33-41	VD	ML.PT			
mh24-33-42	VD	HS.MM			
mh24-33-43	VD	ML.PT			
mh24-33-44	VD	NH			
mh24-33-45		HS.TG			
mh24-33-46		HS.CT			
mh24-33-47		ML.PT			
mh24-33-48	VDC	TP.HA			
mh24-33-49	VDC	KD.TT			
mh24-33-50		HS.DB			
mh24-34-01		ML.PT			
mh24-34-02		HS.TG			
mh24-34-03	NB	XS.CD			
mh24-34-04	NB	DS.CSC		B	bản gốc: uₙ=u₁+(n−1)d=−3+½(n−1) (B), đúng như lời giải; dấu * đặt ở C
mh24-34-05		HS.DB			
mh24-34-06		ML.PT			
mh24-34-07	NB	ML.HS	duplicate:mh24-02-39		cùng bài với mh24-02-39 (chỉ đổi cơ số 2020 thành 2024)
mh24-34-09	TH	HK.QH			
mh24-34-11	TH	HK.GOC			
mh24-34-12		HS.CT			
mh24-34-13	TH	XS.CD			
mh24-34-15		ML.HS			
mh24-34-16		TX.TRU			
mh24-34-17	NB	TP			
mh24-34-18		HS.DT	duplicate:mh24-13-13		cùng đề với mh24-13-13 (bản chính của cặp đề 1/13)
mh24-34-19	NB	NH			
mh24-34-20		HS.DB	duplicate:mh24-13-02		cùng đề với mh24-13-02 (bản chính của cặp đề 1/13)
mh24-34-21		ML.LT			
mh24-34-22	NB	TX.CAU			
mh24-34-23	TH	HS.MM			
mh24-34-24	TH	KD.KN			
mh24-34-25	NB	TX.TRU			
mh24-34-26		HS.CT	duplicate:mh24-13-07		cùng đề với mh24-13-07 (bản chính của cặp đề 1/13)
mh24-34-27	NB	NH			
mh24-34-29	TH	HS.DB			
mh24-34-30	TH	KD.TT	figure_optional		
mh24-34-31	TH	HS.TC	duplicate:mh24-13-12	B	bản gốc: m=−1 hoặc m=2 nên tổng bằng 1 (B), đúng như lời giải; dấu * đặt ở D (−1); cùng bài với mh24-13-12 (khác thứ tự phương án)
mh24-34-32		ML.HS			
mh24-34-33	TH	NH			
mh24-34-34	TH	TX.NON			
mh24-34-35	TH	HS.CT			
mh24-34-36	TH	TX.TRU	figure_optional		
mh24-34-37	TH	ML.HS			
mh24-34-38	TH	NH			
mh24-34-39		KD.TT			
mh24-34-40	TH	KD.TT	figure_optional		
mh24-34-41		HS.TC			
mh24-34-42		HS.CT			
mh24-34-43	VD	ML.BPT			
mh24-34-44	VD	NH			
mh24-34-45		TX.TRU			
mh24-34-46	VDC	HS.DB			
mh24-34-47	VDC	HS.MM			
mh24-34-48	VDC	ML.PT			
mh24-34-49	VDC	ML.PT			
mh24-34-50		KD.TT			
mh24-35-01		HS.DB			
mh24-35-02	TH	HS.DB			
mh24-35-04	NB	KD.TT			
mh24-35-07		HS.CT			
mh24-35-08		HS.TC			
mh24-35-10		HS.TC			
mh24-35-11		HS.DT			
mh24-35-12		HS.TG			
mh24-35-13	NB	DS.CSC			
mh24-35-14	NB	XS.TH			
mh24-35-15	TH	HS.MM			
mh24-35-16	TH	HS.TG			
mh24-35-17	TH	ML.LT			
mh24-35-18		ML.LT			cùng đề với mh24-16-34 (bản đó đã được đính chính và là bản chính)
mh24-35-19	NB	ML.HS			
mh24-35-20	TH	ML.HS			
mh24-35-21	TH	ML.HS			
mh24-35-22	NB	ML.BPT			
mh24-35-23	TH	ML.BPT			
mh24-35-24	NB	ML.PT	duplicate:mh24-23-07		cùng bài với mh24-23-07 (khác phương án nhiễu)
mh24-35-25	VD	ML.BPT			
mh24-35-26	TH	ML.PT			
mh24-35-27		KD.TT			
mh24-35-28	TH	KD.TT			
mh24-35-30	NB	TX.CAU			
mh24-35-31	TH	TX.TRU			
mh24-35-32		HS.DT			
mh24-35-33	TH	KD.TT			
mh24-35-34	TH	TX.CAU			
mh24-35-35	TH	TX.TRU			
mh24-35-36	VD	TX.NON			
mh24-35-37	TH	HS.DB			
mh24-35-38	TH	HS.CT			
mh24-35-39	VD	HS.MM			
mh24-35-40	VD	HS.TG			
mh24-35-41	VD	ML.PT			
mh24-35-42	VD	ML.BPT			
mh24-35-43	VD	HK.KC	figure_optional		
mh24-35-44	VD	KD.TT			
mh24-35-45	VD	XS.CD			
mh24-35-46		HS.DB			
mh24-35-47	VDC	ML.BPT			
mh24-35-48	VDC	KD.TT			
mh24-35-49		HS.CT			
mh24-35-50		HS.CT			
mh24-35-51	VDC	ML.LT			
mh24-36-02	NB	KD.TT			
mh24-36-03	TH	ML.PT			
mh24-36-04	NB	DS.CSC			
mh24-36-05	NB	KD.TT	figure_optional		
mh24-36-06	NB	TX.CAU			
mh24-36-07	NB	OX.GK			
mh24-36-08	TH	HS.DB			
mh24-36-09	NB	HS.TC			
mh24-36-10	NB	NH			
mh24-36-11	NB	ML.BPT			
mh24-36-12	NB	XS.TH			
mh24-36-13		ML.HS			
mh24-36-14		HS.DT			
mh24-36-15	NB	ML.HS			
mh24-36-17	NB	OX.MC			
mh24-36-18	TH	TP			
mh24-36-19	NB	HS.TC			
mh24-36-21	NB	OX.MP			
mh24-36-24	TH	ML.LT			
mh24-36-25	TH	ML.PT			
mh24-36-26		HS.DB			
mh24-36-27	NB	NH			
mh24-36-28	NB	TX.TRU			
mh24-36-29	TH	HK.KC	figure_optional		
mh24-36-30	TH	XS.CD			
mh24-36-31	TH	UD.TT			
mh24-36-32		HS.TG			
mh24-36-33	NB	OX.TD			
mh24-36-34	TH	ML.PT			
mh24-36-35	TH	KD.TT			
mh24-36-36	TH	HK.GOC			
mh24-36-37	VD	HS.MM	figure_optional		lời giải nói "từ đồ thị của f'" nhưng f'=(3x+1)(x−3) đã cho dấu, đủ để hiểu bằng chữ
mh24-36-38	TH	OX.DT			
mh24-36-39	VD	OX.DT			
mh24-36-40	VD	TP.HA			
mh24-36-41		HS.CT			
mh24-36-42	VD	ML.BPT			
mh24-36-43	VD	HS.DB			
mh24-36-44	VDC	ML.BPT			
mh24-36-45	VD	UD.DT			
mh24-36-46	VD	KD.TT			
mh24-36-47		HS.DB			
mh24-36-48	VD	OX.GK			
mh24-36-49	VDC	OX.MC			
mh24-36-50		HS.CT			
mh24-37-39	VD	OX.MC			
mh24-37-40	VD	ML.HS			
mh24-37-41		HS.TG			
mh24-37-42		HS.DT			
mh24-37-43	VD	ML.PT			
mh24-37-44	VD	TX.TRU	figure_optional		
mh24-37-45		TP			
mh24-37-46	VDC	KD.TT			
mh24-37-47	VD	ML.TT			
mh24-37-48	VD	HS.MM			
mh24-37-49	TH	HS.CT			
mh24-37-50		ML.PT			
mh24-38-40	VDC	ML.PT			
mh24-38-41	VDC	TP.HA			
mh24-38-43		KD.TT			
mh24-38-45		TX.NON			
mh24-38-48		HS.CT			
mh24-38-49		HS.TG			
mh24-38-50		ML.PT			
mh24-39-39	VD	TP			
mh24-39-40	VD	TP			
mh24-39-41	VD	ML.BPT			
mh24-39-42	VDC	OX.GK			
mh24-39-43		HS.CT			
mh24-39-44	VD	HS.CT			
mh24-39-45	VD	ML.PT			
mh24-39-46	VD	NH			
mh24-39-47		HS.DB			
mh24-39-48	TH	KD.TT	figure_optional		
mh24-39-49	VD	TX.NON			
mh24-39-50	TH	OX.GK			
mh24-40-39	TH	HS.DB			
mh24-40-40	VDC	HS.TG			
mh24-40-41	VD	UD.DT			
mh24-40-44		ML.BPT	source_corrupted		lời giải hỏng (chuỗi "Lời!m:$mathtype_315$]"), chỉ còn kết quả
mh24-40-45	VD	TX.NON			
mh24-40-46		HS.MM			
mh24-40-47		HS.CT			
mh24-40-48	VD	KD.TT			
nghean26-l2-p1-01		OX.DT	source_corrupted		phương án B (đáp án) in thiếu chữ x ở phân thức đầu
nghean26-l2-p1-02	TH	OXY			
nghean26-l2-p1-03	NB	OX.MP			
nghean26-l2-p1-04		HS.DB			
nghean26-l2-p1-05	TH	KD.TT			
nghean26-l2-p1-06	NB	OX.MC			
nghean26-l2-p1-07	NB	NH	duplicate:mh24-22-04		cùng bài với mh24-22-04 (khác cách ghi phương án)
nghean26-l2-p1-08	NB	TP			
nghean26-l2-p1-09	NB	ML.LT			
nghean26-l2-p1-10		HS.TC			
nghean26-l2-p1-11	TH	TK.PT			
nghean26-l2-p1-12	NB	LG.CT			
nghean26-l2-p2-01	VD	OX.TTe			
nghean26-l2-p2-02	VD	XS.DK			
nghean26-l2-p2-03	TH	HS.MM			
nghean26-l2-p2-04	VD	UD.TTe			
nghean26-l2-p3-01	TH	HS.TU			
nghean26-l2-p3-02	VD	KD.TT			
nghean26-l2-p3-03	VD	XS.CD	figure_optional		
nghean26-l2-p3-04	VD	UD.TT	figure_optional		
nghean26-l2-p3-05	VD	OX.TTe	figure_optional		
nghean26-l2-p3-06	VD	ML.TT			
thainguyen26-l2-p1-01	TH	VT	figure_optional		
thainguyen26-l2-p1-02	TH	ML.BPT			
thainguyen26-l2-p1-03	NB	OX.MP			
thainguyen26-l2-p1-04	NB	HS.TC			
thainguyen26-l2-p1-05	NB	KD.TT			
thainguyen26-l2-p1-06	TH	TK.TT			
thainguyen26-l2-p1-07	NB	NH			
thainguyen26-l2-p1-08	NB	LG.PT			
thainguyen26-l2-p1-09	NB	UD.DT			
thainguyen26-l2-p1-10	NB	HK.QH	figure_optional		
thainguyen26-l2-p1-11	NB	DS.CSN			
thainguyen26-l2-p1-12	NB	OX.TD			
thainguyen26-l2-p2-01	VD	HS.TC			
thainguyen26-l2-p2-02	VD	OX.MC			
thainguyen26-l2-p2-03	TH	HS.CT			
thainguyen26-l2-p2-04	TH	XS.DK			
thainguyen26-l2-p3-01	VD	KD.TT			
thainguyen26-l2-p3-02	VD	UD.DT	figure_optional		
thainguyen26-l2-p3-03	VDC	XS.CD			
thainguyen26-l2-p3-04	VD	DS.CSN			
thainguyen26-l2-p3-05	VDC	XS.TH			
thainguyen26-l2-p3-06		HS.TU			
thanhhoa26-l2-p1-01	NB	OX.MP			
thanhhoa26-l2-p1-02	NB	VT	figure_optional		
thanhhoa26-l2-p1-03	NB	DS.CSC	duplicate:mh24-15-32		cùng bài với mh24-15-32 (khác phương án nhiễu)
thanhhoa26-l2-p1-04	NB	OX.TD			
thanhhoa26-l2-p1-05	NB	NH			
thanhhoa26-l2-p1-06	NB	HS.TC			
thanhhoa26-l2-p1-07		HS.CT			
thanhhoa26-l2-p1-08	NB	TK.TT			
thanhhoa26-l2-p1-09	NB	KD.TT	figure_optional		
thanhhoa26-l2-p1-10	NB	ML.PT			
thanhhoa26-l2-p1-11	NB	LG.PT			
thanhhoa26-l2-p1-12	TH	UD.TT			
thanhhoa26-l2-p2-01	TH	XS.DK			
thanhhoa26-l2-p2-02	TH	HS.MM			
thanhhoa26-l2-p2-03	VD	UD.TTe	figure_optional		
thanhhoa26-l2-p2-04		OX.TTe			
thanhhoa26-l2-p3-01	VD	KD.TT			
thanhhoa26-l2-p3-02	TH	DH.YN			
thanhhoa26-l2-p3-03	VD	OX.MC			
thanhhoa26-l2-p3-04	VD	XS.CD			
thanhhoa26-l2-p3-05	VD	HS.TU			
thanhhoa26-l2-p3-06	VDC	UD.DT	figure_optional		
thithu25-06-p1-01	TH	TP			
thithu25-06-p1-04	NB	OX.MC		C	file đáp án không ghi đáp án câu này; lời giải cho phương trình ở phương án C
thithu25-06-p1-05		HS.TC		C	file đáp án không ghi đáp án câu này; lời giải kết luận có 3 tiệm cận (phương án C)
thithu25-06-p2-01	TH	HS.MM			
thithu25-06-p2-02	TH	UD.TTe			
thithu25-06-p2-03		XS.DK	solution_wrong	ĐSĐS	lời giải chỉ tính số, không kết luận từng ý và ghi sai P(B̄)=13/15 (đúng là 2/5)
thithu25-06-p3-03	VD	OX.MC	figure_optional		
thithu25-06-p3-04	VD	UD.DT	figure_optional		
thithu25-06-p3-05	VD	HS.TU	figure_optional		
thithu25-06-p3-06	TH	XS.DK			
thithu25-07-p2-02	VD	UD.TTe			
thithu25-07-p2-04		OX.TTe			
thithu25-07-p3-03	TH	OX.DT			
thithu25-07-p3-04	VD	UD.TTe	figure_optional		
thithu25-07-p3-05	VD	HS.TU			
thithu25-07-p3-06	TH	XS.DK			
thithu25-08-p2-03	VD	XS.DK		SĐSS	bản gốc: bảng kết luận ghi a) Đúng nhưng chính lời giải chứng minh A, B không độc lập; đáp án đúng là SĐSS
thithu25-08-p3-03		OX.TTe			
thithu25-08-p3-04		UD.DT			
thithu25-08-p3-05		HS.TU	figure_optional,figure_in_solution		lời giải dùng các điểm A, C, H, K, O chỉ được đặt tên trong hình
thithu25-08-p3-06	TH	XS.DK			
thithu25-09-p2-01	TH	HS.MM			
thithu25-09-p2-02		UD.TTe			
thithu25-09-p3-03		OX.GK			
thithu25-09-p3-04	VD	UD.TT	figure_optional		
thithu25-09-p3-05	TH	HS.TU	figure_optional		
thithu25-09-p3-06	TH	XS.DK			
thithu25-10-p2-01	TH	HS.MM			
thithu25-10-p2-02	VD	UD.TTe			
thithu25-10-p3-03		HK.GOC			
thithu25-10-p3-04		UD.DT			
thithu25-10-p3-05	VD	HS.TU	figure_optional		
thithu25-10-p3-06	TH	XS.CD			
thoxuan5-26-p2-01	TH	HS.MM			
thoxuan5-26-p2-02	TH	XS.DK			
thoxuan5-26-p2-03	VD	UD.TTe			
thoxuan5-26-p2-04	VD	OX.TTe		ĐSĐS	lời giải ghi nhầm ý d) thành c) nên bộ đọc tự động lệch; bảng đáp án và kết luận lời giải đều là ĐSĐS
thoxuan5-26-p3-01		OX.TTe			
thoxuan5-26-p3-02	VD	HS.TU			
thoxuan5-26-p3-03		UD.DT			
thoxuan5-26-p3-04		OX.TTe			
thoxuan5-26-p3-05	VD	HK.KC			
thoxuan5-26-p3-06	TH	XS.DK			
tqbuu26-p1-01	TH	HK.KC			
tqbuu26-p1-02	TH	HS.DB			
tqbuu26-p1-03	TH	XS.CD			
tqbuu26-p1-04		HS.CT			
tqbuu26-p1-05	TH	HK.GOC			
tqbuu26-p1-06		HS.CT			
tqbuu26-p1-07	NB	DH.QT			
tqbuu26-p1-08	NB	KD.TT			
tqbuu26-p1-09	TH	HS.MM			
tqbuu26-p1-10	TH	HS.TT			
tqbuu26-p1-11	TH	HS.DB			
tqbuu26-p1-12	NB	XS.CD			
tqbuu26-p2-01	TH	HS.CT			
tqbuu26-p2-02	TH	HK.KC			
tqbuu26-p2-03	TH	XS.CD			
tqbuu26-p2-04	TH	DH.YN			
tqbuu26-p3-01	TH	XS.CD			
tqbuu26-p3-02	TH	DH.YN			
tqbuu26-p3-03	TH	HS.CT			
tqbuu26-p3-04	TH	HS.MM			
tqbuu26-p3-05	VD	KD.TT			
tqbuu26-p3-06	TH	HS.TU	figure_optional		
